
DROP TABLE IF EXISTS `user`;
/*!40101 SET @saved_cs_client     = @@character_set_client */;
/*!40101 SET character_set_client = utf8 */;
CREATE TABLE `user` (
  `id` bigint(20) unsigned NOT NULL AUTO_INCREMENT,
  `user_name` varchar(45) NOT NULL COMMENT '账号，一般是手机号',
  `password` varchar(45) NOT NULL,
  `avatar` varchar(128) DEFAULT NULL,
  `leader_uid` bigint(20) DEFAULT '0',
  `show_name` varchar(128) DEFAULT NULL,
  `title` varchar(128) DEFAULT NULL,
  PRIMARY KEY (`id`)
) ENGINE=InnoDB AUTO_INCREMENT=19 DEFAULT CHARSET=utf8 COMMENT='用户账号密码';



DROP TABLE IF EXISTS `token`;
/*!40101 SET @saved_cs_client     = @@character_set_client */;
/*!40101 SET character_set_client = utf8 */;
CREATE TABLE `token` (
  `uid` bigint(20) unsigned NOT NULL,
  `token` varchar(45) NOT NULL,
  `create_time` int(10) unsigned NOT NULL,
  `expire_time` int(10) unsigned NOT NULL,
  KEY `FK_token_uid` (`uid`),
  CONSTRAINT `FK_token_uid` FOREIGN KEY (`uid`) REFERENCES `user` (`id`) ON DELETE CASCADE ON UPDATE CASCADE
) ENGINE=InnoDB DEFAULT CHARSET=utf8;



DROP TABLE IF EXISTS `customer`;
/*!40101 SET @saved_cs_client     = @@character_set_client */;
/*!40101 SET character_set_client = utf8 */;
CREATE TABLE `customer` (
  `id` varchar(128) NOT NULL,
  `uid` bigint(20) unsigned NOT NULL,
  `name` varchar(128) NOT NULL,
  `group_name` text NOT NULL,
  `spell` text NOT NULL,
  `address` text NOT NULL,
  `longitude` varchar(128) NOT NULL,
  `latitude` varchar(128) NOT NULL,
  `boss` varchar(128) DEFAULT NULL,
  `phone` varchar(128) DEFAULT NULL,
  `email` varchar(255) DEFAULT NULL,
  `description` longtext,
  `update_date` bigint(20) unsigned NOT NULL DEFAULT '0',
  `is_deleted` bigint(10) unsigned NOT NULL DEFAULT '0',
  PRIMARY KEY (`id`),
  KEY `FK_customer_user` (`uid`),
  CONSTRAINT `FK_customer_user` FOREIGN KEY (`uid`) REFERENCES `user` (`id`) ON DELETE CASCADE ON UPDATE CASCADE
) ENGINE=InnoDB DEFAULT CHARSET=utf8;



DROP TABLE IF EXISTS `groups`;
/*!40101 SET @saved_cs_client     = @@character_set_client */;
/*!40101 SET character_set_client = utf8 */;
CREATE TABLE `groups` (
  `id` bigint(20) unsigned NOT NULL AUTO_INCREMENT,
  `uid` bigint(20) unsigned NOT NULL,
  `group_name` varchar(128) NOT NULL,
  `update_date` bigint(20) unsigned NOT NULL DEFAULT '0',
  `is_deleted` bigint(10) unsigned NOT NULL DEFAULT '0',
  PRIMARY KEY (`id`),
  KEY `FK_groups_user` (`uid`),
  CONSTRAINT `FK_groups_user` FOREIGN KEY (`uid`) REFERENCES `user` (`id`) ON DELETE CASCADE ON UPDATE CASCADE
) ENGINE=InnoDB AUTO_INCREMENT=10 DEFAULT CHARSET=utf8;



DROP TABLE IF EXISTS `notes`;
/*!40101 SET @saved_cs_client     = @@character_set_client */;
/*!40101 SET character_set_client = utf8 */;
CREATE TABLE `notes` (
  `id` varchar(128) NOT NULL,
  `uid` bigint(20) unsigned NOT NULL,
  `date` bigint(20) unsigned NOT NULL DEFAULT '0',
  `update_date` bigint(20) unsigned NOT NULL DEFAULT '0',
  `customer_id` varchar(128) NOT NULL,
  `thumbnail` text,
  `pic` text,
  `address` text NOT NULL,
  `longitude` varchar(128) NOT NULL,
  `latitude` varchar(128) NOT NULL,
  `note` longtext NOT NULL,
  `repost_from` varchar(128) NOT NULL DEFAULT '0' COMMENT 'this note may repost from others',
  `is_deleted` bigint(10) unsigned NOT NULL DEFAULT '0',
  `public_to` text NOT NULL COMMENT '设置笔记允许哪些人看, 每个ID间用逗号隔开',
  PRIMARY KEY (`id`),
  KEY `FK_notes_user` (`uid`),
  KEY `FK_notes_customer` (`customer_id`),
  CONSTRAINT `FK_notes_customer` FOREIGN KEY (`customer_id`) REFERENCES `customer` (`id`) ON DELETE CASCADE ON UPDATE CASCADE,
  CONSTRAINT `FK_notes_user` FOREIGN KEY (`uid`) REFERENCES `user` (`id`) ON DELETE CASCADE ON UPDATE CASCADE
) ENGINE=InnoDB DEFAULT CHARSET=utf8;


DROP TABLE IF EXISTS `alarm`;
/*!40101 SET @saved_cs_client     = @@character_set_client */;
/*!40101 SET character_set_client = utf8 */;
CREATE TABLE `alarm` (
  `id` varchar(128) NOT NULL,
  `uid` bigint(20) unsigned NOT NULL,
  `note_id` varchar(128) NOT NULL,
  `date` bigint(20) unsigned NOT NULL DEFAULT '0',
  `update_date` bigint(20) unsigned NOT NULL DEFAULT '0',
  `is_deleted` bigint(10) unsigned NOT NULL DEFAULT '0',
  PRIMARY KEY (`id`),
  KEY `FK_alarm_user` (`uid`),
  KEY `FK_alarm_notes` (`note_id`),
  CONSTRAINT `FK_alarm_notes` FOREIGN KEY (`note_id`) REFERENCES `notes` (`id`) ON DELETE CASCADE ON UPDATE CASCADE,
  CONSTRAINT `FK_alarm_user` FOREIGN KEY (`uid`) REFERENCES `user` (`id`) ON DELETE CASCADE ON UPDATE CASCADE
) ENGINE=InnoDB DEFAULT CHARSET=utf8;


DROP VIEW IF EXISTS `view_user`;

create VIEW `view_user` AS select `a`.`id` AS `id`,`a`.`user_name` AS `user_name`,`a`.`password` AS `password`,`b`.`token` AS `token`,`b`.`create_time` AS `create_time`,`b`.`expire_time` AS `expire_time`,`a`.`avatar` AS `avatar`,`a`.`leader_uid` AS `leader_uid`,`a`.`show_name` AS `show_name`,`a`.`title` AS `title` from (`user` `a` left join `token` `b` on((`a`.`id` = `b`.`uid`)));


create VIEW `view_user_with_leader` AS select `a`.`id` AS `id`,`a`.`user_name` AS `user_name`,`a`.`password` AS `password`,`a`.`token` AS `token`,`a`.`create_time` AS `create_time`,`a`.`expire_time` AS `expire_time`,`a`.`avatar` AS `avatar`,`a`.`leader_uid` AS `leader_uid`,`a`.`show_name` AS `show_name`,`a`.`title` AS `title`,`b`.`show_name` AS `leader_name`,`b`.`title` AS `leader_title` from (`view_user` `a` left join `user` `b` on((`a`.`id` = `b`.`id`)));


create VIEW `view_notes` AS select `a`.`id` AS `id`,`a`.`uid` AS `uid`,`a`.`date` AS `date`,`a`.`update_date` AS `update_date`,`a`.`customer_id` AS `customer_id`,`b`.`name` AS `customer_name`,`a`.`address` AS `address`,`a`.`longitude` AS `longitude`,`a`.`latitude` AS `latitude`,`a`.`note` AS `note`,`a`.`thumbnail` AS `thumbnail`,`a`.`pic` AS `pic`,`a`.`is_deleted` AS `is_deleted`,`a`.`repost_from` AS `repost_from`,`c`.`avatar` AS `avatar`,`c`.`show_name` AS `author` from ((`notes` `a` left join `customer` `b` on((`a`.`customer_id` = `b`.`id`))) left join `user` `c` on((`a`.`uid` = `c`.`id`)));






--
-- Dumping data for table `user`
--

LOCK TABLES `user` WRITE;
/*!40000 ALTER TABLE `user` DISABLE KEYS */;
INSERT INTO `user` VALUES (2,'18621675203','af894449f71fa7689b0bbd66bda09961','3e20593b-a236-4cc4-bbdc-ec9e36ed57ef.jpeg',8,'王晓峰',''),(3,'13916562146','e10adc3949ba59abbe56e057f20f883e','',2,'王晓峰',''),(4,'18621675204','e10adc3949ba59abbe56e057f20f883e','',0,'',NULL),(5,'15800305367','e10adc3949ba59abbe56e057f20f883e','',0,'',NULL),(6,'18621675205','e10adc3949ba59abbe56e057f20f883e','3e20593b-a236-4cc4-bbdc-ec9e36ed57ef.jpeg',2,'test1','title1'),(7,'18621675206','e10adc3949ba59abbe56e057f20f883e','3e20593b-a236-4cc4-bbdc-ec9e36ed57ef.jpeg',2,'test2','title2'),(8,'13764172410','e10adc3949ba59abbe56e057f20f883e','fcb8dbd5-a7d7-4070-abfd-1ded8cba00c9.jpeg',0,'Le Xiaobin','Manager'),(9,'13795213931','e10adc3949ba59abbe56e057f20f883e','a4942b0d-1021-4868-b75d-7fc008222e76.jpeg',2,'Guo Kaining','Engineer'),(10,'18217065072','e10adc3949ba59abbe56e057f20f883e','58057351-dafb-4401-9cab-7013f09699a1.jpeg',9,'Kang Shuai','Engineer'),(11,'13865938444','e10adc3949ba59abbe56e057f20f883e','943d56cf-ed2b-4011-beeb-a53b6e56c652.jpg',9,'Tao Yunfeng','Engineer'),(15,'13967111901','e10adc3949ba59abbe56e057f20f883e','b37b51cb-b3cb-467b-a3a3-7a8888eaf50c.jpeg',16,'马太太',NULL),(16,'13588846025','50ba91a7a9248989bcd9e51740f13dca','edff94c2-4fdd-451e-89ba-48102aaf2dd6.jpeg',2,'马国华',NULL),(17,'13989886832','46acfecaa413e89e0d973e15d4ffff86','0d05aaf6-ef8c-46cd-a10e-5ab069d780e6.jpeg',16,'周腮华',NULL),(18,'18606521138','331b97b39edb05e8fce97b1ab1930e7b',NULL,0,NULL,NULL);
/*!40000 ALTER TABLE `user` ENABLE KEYS */;
UNLOCK TABLES;


LOCK TABLES `token` WRITE;
/*!40000 ALTER TABLE `token` DISABLE KEYS */;
INSERT INTO `token` VALUES (2,'fc29c73d5ab69ce940f668ad6d583d69',1477387024,1518370321),(3,'58bb78e83b8e4a6831e22bef03fa92d1',1471938796,1503474827),(4,'c78dc0b2e4e924956b035b5273d95b8b',1477057563,1508593563),(2,'eb3d410a436afa5de7d677cafe31c711',1477387107,1518370321),(2,'084a466412518fcd1288c26305d10598',1477387120,1518370321),(2,'a3b67c1688272d9cf1730a551d967071',1477415300,1518370321),(2,'7344baa8b3e5f729f9dc08da786f9c9e',1477415693,1518370321),(2,'4899ddfe4400c2ea2ef861d7c1effe65',1477416124,1518370321),(2,'f807a22d7bce0e9947bc51af43d1bffd',1477426105,1518370321),(2,'b7ca048acacc501f2d9e17444b87fa11',1477576972,1518370321),(2,'eed0d8824f142d39aad82af6e70b811e',1477589631,1518370321),(2,'44b6549ada189028e10b950c3cf647a4',1477589858,1518370321),(2,'3b9b887e4b9f73d177ab5fba7f204397',1477589870,1518370321),(2,'2ee289b2ba4a238aed49fc67535865a0',1477594130,1518370321),(2,'7be2bc12f9b206817609abcd9fe68bb6',1477594209,1518370321),(2,'1a96ace4aa8a21d3da97cd0d25fbc76c',1477595423,1518370321),(2,'ff34201a72c4aed6463e075999135fdb',1477627408,1518370321),(5,'75637efb79cee99d90f7952d7a5f1bb3',1478011780,1509548244),(5,'2ac96554facff6dce22d321bde2d5de9',1478012169,1509548244),(2,'ecf02590e827942e9f7700f78dd34706',1478012257,1518370321),(2,'39308e816d06a614829ede44c0cc630d',1478717411,1518370321),(2,'3ef5d77942e9eee1cfbb7bc72e9f504f',1478717426,1518370321),(2,'7ac83e290debb7b792ee04f3479ca844',1478718309,1518370321),(2,'e757283d6c5ef6e8cf1a6841b33add6b',1478719786,1518370321),(2,'69f8bd06b7c2383945438e3a8c1da325',1478719803,1518370321),(2,'eadb11cd63f2546741056bf3f6f4971f',1478719870,1518370321),(2,'48b3c5816dfe455fa0a2ba4ec95db4d1',1478719913,1518370321),(2,'621ea5dd2d15d581787beb249cfda1b8',1478719923,1518370321),(2,'06cdc60a8ded747d1ad0d6a0afd5aefc',1478766762,1518370321),(2,'ea5bfe9efd3ba5674b3d817eede74efb',1478767646,1518370321),(2,'1d2d34bcc7de871bbbcf9c157d9ee03b',1478767652,1518370321),(2,'743f5e4fb3b32c0362a88e909a84c899',1478767653,1518370321),(2,'98fe71c8a514e519b935f6c87b2f9cde',1478767654,1518370321),(2,'3c8f50219fb095b893cbcd9b1a50c239',1478799802,1518370321),(2,'0ecc56d3144663a92bb6e72fe3d3022a',1480440494,1518370321),(2,'f692746b460dab116e4eb61871d94df8',1481825291,1518370321),(9,'565f3d135fc950694fa8389a55d39c00',1482852733,1518370174),(9,'92077f72854bcc2113749a579b743cdc',1482856042,1518370174),(2,'b90425b8e81f0ca4a4fb3fbc9270069e',1484405951,1518370321),(2,'da5576bd1ec9603e19fb2bd5b731807c',1484405952,1518370321),(2,'8e424f16a66755d6b68a4c9b6028573a',1484406000,1518370321),(2,'4f43024744e28e16eb574d8add436556',1485957138,1518370321),(2,'cfa4fe67cb1b4eefeaf3e404e46999cc',1485962508,1518370321),(2,'871d1e31d12b715fb43c0f2d987125bb',1486185819,1518370321),(2,'9b2fd5ddd5d1a52a2b5751698f67a717',1486186483,1518370321),(2,'6c17dfc9a090f7ffcfe0a876c6f6b139',1486194832,1518370321),(15,'fd0dc3f9be0567be7754709acdc4c67a',1486201742,1517788438),(16,'b110ebe7bd75d70f7436bb53a7ea4425',1486211103,1518511149),(15,'ba535e342ae80101397b2756feab8c23',1486212744,1517788438),(2,'06e31383ba20e076590657e48bb622ca',1486216317,1518370321),(17,'9e6ba94516c64b6e422798527d048280',1486264155,1518485991),(18,'d49ece0126457ffe0ee9e89f80d57396',1486273895,1517809895);
/*!40000 ALTER TABLE `token` ENABLE KEYS */;
UNLOCK TABLES;



LOCK TABLES `customer` WRITE;
/*!40000 ALTER TABLE `customer` DISABLE KEYS */;
INSERT INTO `customer` VALUES ('0211e2de-8883-42c4-97c3-b07ee85286e1',15,'小庭记录','','XIAO','杭州市西湖区','120.130203','30.259324','','','','',1486201887,0),('029667a7-c592-46e8-ab10-b27e472741e3',10,'百度','移动互联网,科技行业','BAI','杭州市西湖区三墩镇同仁家园','120.077959','30.326324','李彦宏','18621675203','','',1478720670,0),('0c9bb8e1-3ba3-4767-816f-40af3aac81a9',2,'阿里巴巴','数据,IT,电商,科技行业,移动互联网','A','杭州市西湖区三墩镇同仁家园','120.077959','30.326324','马云','8621675203','','',1486185823,0),('11d27d5f-f1c6-4de1-b2f3-05b78c1f7ec7',10,'杭州丰勋信息技术有限公司','IT','HANG','杭州市西湖区三墩镇同仁家园','120.077959','30.326324','王晓丰','18621675203','wangxf1985@gmail.com','',1478720670,0),('163d5f26-5b54-40cf-b95c-56b8e1869d6f',10,'上海宏达通信科技有限公司','科技行业,数据','SHANG','上海市浦东亮秀路112号','121.603370','31.198957','王雪红','18621675203','thinkman_wang@htc.com','',1478720670,0),('1ac56e66-8f70-4152-a1ce-115defd7bba8',8,'上海丰勋信息技术有限公司','IT,科技行业,移动互联网','SHANG','杭州市西湖区三墩镇同仁家园金涛港','120.078797','30.328038','王晓丰','18621675203','wangxf1985@gmail.com','啊啊啊啊呵呵啊啊啊啊啊啊啊啊啊',1478720670,0),('2218fe34-9952-47f6-b01c-7ca7d5d663c0',2,'百度','移动互联网,科技行业','BAI','杭州市西湖区三墩镇同仁家园','120.077959','30.326324','李彦宏','18621675203','','',1486185822,0),('27fd8f62-c19d-4a1f-9524-a5f9c38fae8c',2,'杭州丰勋信息技术有限公司','IT,科技行业,移动互联网','HANG','杭州市西湖区三墩镇同仁家园金涛港','120.078797','30.328038','王晓丰','18621675203','wangxf1985@gmail.com','又改了个地方规划局机构改革',1486188163,0),('35c84ef9-dd3f-4d03-997c-c9910c923152',10,'腾讯','','TENG','深圳市南山区科技园飞亚达大厦','113.953476','22.538841','马云','18621675203','','',1478720670,0),('391865b4-1886-4f6a-a29a-987b22bad7cc',16,'富阳市妇幼保健院','','FU','富阳市','119.949867','30.049871','','','','',1486212017,0),('3bd665fc-f996-4be1-a466-3c21561fdca0',8,'杭州丰勋信息技术有限公司','IT,科技行业,移动互联网','HANG','杭州市西湖区三墩镇同仁家园金涛港','120.078797','30.328038','王晓丰','18621675203','wangxf1985@gmail.com','又改了个地方规划局机构改革',1478720670,0),('41b3e1df-e241-443d-824b-e4a33b241809',10,'杭州丰勋信息技术有限公司','IT,科技行业,移动互联网','HANG','杭州市西湖区三墩镇同仁家园金涛港','120.078797','30.328038','王晓丰','18621675203','wangxf1985@gmail.com','又改了个地方规划局机构改革',1478720670,0),('42525be0-41bb-40f9-bf18-93f593a0ba1a',10,'杭州利伊享数据有限公司','科技行业,数据','HANG','杭州市拱墅区祥园路33号','120.108897','30.334441','朱家成','18621675203','wangxf1985@gmail.com','',1478720670,0),('42b93d77-0b0f-4089-9a7c-b8b5c67a7437',8,'杭州丰勋信息技术有限公司','IT','HANG','杭州市西湖区三墩镇同仁家园','120.077959','30.326324','王晓丰','18621675203','wangxf1985@gmail.com','',1478720670,0),('4e04573c-9157-46c0-9505-8f1c320f8f8f',2,'阿里巴巴','','A','杭州市西湖区三墩镇同仁家园','120.076811','30.326518','马云','18621675203','wangxf1985@gmail.com','哈哈哈的警察局VB',1486194927,0),('4f79c57e-04bf-4170-99bf-b9ebf7195c0f',9,'哈哈','','HA','杭州市西湖区三墩镇同仁家园','120.076811','30.326518','哈哈','18621675203','wangxg1985@gmail.com','',1486833163,0),('572be21c-9ef0-456c-b9ec-c3425a534df7',16,'中石化加油卡','家用车','ZHONG','卡号:','107.635468','23.881838','','','','',0,0),('57c4ac09-a4b5-474d-a53e-f1a1deb873a6',10,'阿里巴巴','数据,IT,电商,科技行业,移动互联网','A','杭州市西湖区三墩镇同仁家园','120.077959','30.326324','马云','8621675203','','',1478720670,0),('5d570377-af6d-4c1a-80b1-ae25e3f68275',8,'上海宏达通信科技有限公司','科技行业,数据','SHANG','上海市浦东亮秀路112号','121.603370','31.198957','王雪红','18621675203','thinkman_wang@htc.com','',1478720670,0),('61b4e5f1-79d6-4166-b51a-3e2405ceea12',2,'杭州宣涛信息技术有限公司','科技行业,数据','HANG','杭州市西湖区华星科技园','120.123507','30.273661','兰宣成','18621675203','','',1486185823,0),('628337fd-9725-4b77-bd95-48cd18d74376',8,'阿里巴巴','数据,IT,电商,科技行业,移动互联网','A','杭州市西湖区三墩镇同仁家园','120.077959','30.326324','马云','8621675203','','',1478720670,0),('72fd8f62-c19d-4a1f-9524-a5f9c38fae8d',2,'上海丰勋信息技术有限公司','IT,科技行业,移动互联网','SHANG','杭州市西湖区三墩镇同仁家园金涛港','120.078797','30.328038','王晓丰','18621675203','wangxf1985@gmail.com','啊啊啊啊呵呵啊啊啊啊啊啊啊啊啊',1486185823,0),('79234f94-4888-4125-b250-edc36fd8dd85',5,'恒大','','HENG','杭州市西湖区三墩镇同仁家园金涛港9幢1单元302','120.078066','30.327274','许家印','18621675203','','',1478011894,0),('81e5508b-1c40-46b2-8707-f31c57388206',8,'新浪','','XIN','杭州市西湖区三墩镇同仁家园','120.077959','30.326324','曹国伟','18621675203','','',1478720670,0),('83c85712-20e9-4637-a82a-9b7fb68bb1a5',8,'杭州利伊享数据有限公司','科技行业,数据','HANG','杭州市拱墅区祥园路33号','120.108897','30.334441','朱家成','18621675203','wangxf1985@gmail.com','',1478720670,0),('86306e4e-3c1d-4567-879c-f14b92886721',8,'百度','移动互联网,科技行业','BAI','杭州市西湖区三墩镇同仁家园','120.077959','30.326324','李彦宏','18621675203','','',1478720670,0),('881a6ae9-42eb-4dc8-ad7c-ed498fcd53e2',16,'东软集体（大连）有限公司','','DONG','大连市黄浦路901-9号F3座220室','121.508080','38.850164','苑树庆','18640896561','yuansq@neusoft.com','',1483951717,0),('94082208-5632-4c09-a48c-f1a4770ad3c2',2,'腾讯','','TENG','深圳市南山区科技园飞亚达大厦','113.953476','22.538841','马云','18621675203','','',1486185823,0),('96328d90-e52e-4ee9-9eeb-05aca22696b7',17,'邵逸夫医院','','SHAO','杭州市','120.155070','30.274084','乔凯','36548988','','',1486264009,0),('b0d5536b-8683-43e9-942c-c1581f25575c',9,'阿里','','A','杭州市西湖区三墩镇同仁家园','120.076811','30.326518','哈哈','18621675203','wangxf1985@gmail.com','',1486833246,0),('b3dfa67c-060a-4054-9d6c-2b0428a82ff2',8,'腾讯','','TENG','深圳市南山区科技园飞亚达大厦','113.953476','22.538841','马云','18621675203','','',1478720670,0),('b7595509-b3bf-4fef-b7d3-915a014b7914',2,'杭州丰勋信息技术有限公司','IT','HANG','杭州市西湖区三墩镇同仁家园','120.077959','30.326324','王晓丰','18621675203','wangxf1985@gmail.com','',1486185822,0),('bd4ed683-afce-4c37-9f9b-0e0f1c2d81f0',10,'啊啊啊啊啊啊啊啊啊啊','数据,医院','A','杭州市西湖区三墩镇同仁家园','120.077959','30.326324','王','18621675203','wangxf1985@gmail.com','',1478720670,0),('c435ba15-79d5-44a5-9269-14cd619e24dd',2,'杭州利伊享数据有限公司','科技行业,数据','HANG','杭州市拱墅区祥园路33号','120.108897','30.334441','朱家成','18621675203','wangxf1985@gmail.com','',1486185822,0),('c51acf4a-cab5-41ed-a9c6-5fb4d8692b54',16,'福特保养','个人事务','FU','杭州','120.155070','30.274085','','','','',0,0),('c5ea6a7c-adf6-4fb6-9a39-41c7f6bba00a',10,'上海丰勋信息技术有限公司','IT,科技行业,移动互联网','SHANG','杭州市西湖区三墩镇同仁家园金涛港','120.078797','30.328038','王晓丰','18621675203','wangxf1985@gmail.com','啊啊啊啊呵呵啊啊啊啊啊啊啊啊啊',1478720670,0),('c5f7b26a-9fcd-49f7-9a28-5711bf1d9bf8',9,'阿里巴巴','it','A','杭州市西湖区三墩镇同仁家园金涛港9幢1单元302','120.078064','30.327278','马云','18621675203','wangxf1985@gmail.com','你妹',1482856194,0),('cae02a5e-81fd-4d6b-ac7e-941c60c3d0ef',10,'杭州宣涛信息技术有限公司','科技行业,数据','HANG','杭州市西湖区华星科技园','120.123507','30.273661','兰宣成','18621675203','','',1478720670,0),('d13ce90d-2f45-4913-a357-97c6c3842542',16,'天台县人民医院','','TIAN','浙江省天台县劳动路335号','121.032488','29.142605','裘院长','','','',0,0),('d7bb30cd-f9c0-4a23-942f-8d05be4d7de8',2,'上海宏达通信科技有限公司','科技行业,数据','SHANG','上海市浦东亮秀路112号','121.603370','31.198957','王雪红','18621675203','thinkman_wang@htc.com','',1486185822,0),('d9c4f19e-9cc8-41d8-b00e-72676590d64c',16,'小庭记录','公司客户','XIAO','浙江省','120.152792','30.267447','','','','',0,0),('db31a0c6-e8c2-475f-9c5c-d055c1275755',8,'啊啊啊啊啊啊啊啊啊啊','数据,医院','A','杭州市西湖区三墩镇同仁家园','120.077959','30.326324','王','18621675203','wangxf1985@gmail.com','',1478720670,0),('ddbf4458-3e2f-406e-bcfa-ac7aa1780e50',10,'新浪','','XIN','杭州市西湖区三墩镇同仁家园','120.077959','30.326324','曹国伟','18621675203','','',1478720670,0),('e2bea726-5b39-4f11-ac7a-ce4955949591',2,'啊啊啊啊啊啊啊啊啊啊','数据,医院','A','杭州市西湖区三墩镇同仁家园','120.077959','30.326324','王','18621675203','wangxf1985@gmail.com','',1486185822,0),('e54c6d09-b48c-44dd-ab14-e42224b75a96',15,'乐平卫生院','','LE','临安市','119.724733','30.233873','','','','',1486212260,0),('e8374303-bf8b-48e9-8444-345fdd685a6d',8,'杭州宣涛信息技术有限公司','科技行业,数据','HANG','杭州市西湖区华星科技园','120.123507','30.273661','兰宣成','18621675203','','',1478720670,0),('e873390d-4c81-4c6e-8408-e59440a4b3b6',8,'阿里巴巴','it','A','杭州市西湖区三墩镇同仁家园金涛港9幢1单元302','120.078064','30.327278','马云','18621675203','wangxf1985@gmail.com','你妹',1482856194,0),('faba285c-ec05-49db-80ff-50cc3e10cdf5',2,'新浪','','XIN','杭州市西湖区三墩镇同仁家园','120.077959','30.326324','曹国伟','18621675203','','',1486185822,0);
/*!40000 ALTER TABLE `customer` ENABLE KEYS */;
UNLOCK TABLES;



LOCK TABLES `groups` WRITE;
/*!40000 ALTER TABLE `groups` DISABLE KEYS */;
INSERT INTO `groups` VALUES (1,2,'IT',1477386496,0),(2,2,'电商',1477386654,0),(3,2,'数据',1477613436,0),(4,2,'医院',1477417319,0),(5,2,'测试',1477613436,0),(6,2,'物流',1477613441,0),(7,2,'科技行业',1477613444,0),(8,2,'移动互联网',1477613446,0),(9,9,'it',1482856260,0);
/*!40000 ALTER TABLE `groups` ENABLE KEYS */;
UNLOCK TABLES;



LOCK TABLES `notes` WRITE;
/*!40000 ALTER TABLE `notes` DISABLE KEYS */;
INSERT INTO `notes` VALUES ('011a05aa-a20c-4229-8941-1bd8d79dce60',2,1477630011,1482858273,'e2bea726-5b39-4f11-ac7a-ce4955949591','http://function-hz.com:8080//upload/31d7b1b8-f0da-4f90-b6d4-ee67664f6387.jpeg','[{\"pic\":\"http:\\/\\/function-hz.com:8080\\/\\/upload\\/31d7b1b8-f0da-4f90-b6d4-ee67664f6387.jpeg\"}]','浙江省杭州市西湖区嘉仁路靠近温州银行(同仁家园社区支行)','120.078381','30.327277','<p dir=\"ltr\">哈哈哈哈哈哈哈哈<br>\n修改点内容</p>\n','0294ab94-28cb-4306-87bd-80ac843d4079',0,'3,4,'),('0294ab94-28cb-4306-87bd-80ac843d4079',2,1475512691,1486185823,'27fd8f62-c19d-4a1f-9524-a5f9c38fae8c','http://function-hz.com:8080/upload/f074ec57-f3ca-4c16-9836-665ff729adcf.jpeg','[{\"pic\":\"http:\\/\\/function-hz.com:8080\\/upload\\/15ac119d-31a8-4cce-82a2-c4d43b961d3f.jpeg\"},{\"pic\":\"http:\\/\\/function-hz.com:8080\\/upload\\/f074ec57-f3ca-4c16-9836-665ff729adcf.jpeg\"}]','浙江省杭州市西湖区嘉仁路靠近温州银行(嘉仁路)','120.078449','30.327388','<p dir=\"ltr\">今天完成1.3版本的更新</p>\n','0',0,''),('0529f36a-6f58-44ad-b0c8-7f56ba0864b7',2,1478770428,1486185823,'27fd8f62-c19d-4a1f-9524-a5f9c38fae8c','http://function-hz.com:8080//upload/93035b34-b3ed-4da8-bc55-8ca829449960.jpeg','[{\"pic\":\"http:\\/\\/function-hz.com:8080\\/\\/upload\\/93035b34-b3ed-4da8-bc55-8ca829449960.jpeg\"}]','浙江省杭州市西湖区嘉仁路靠近温州银行(同仁家园社区支行)','120.078358','30.327301','<p dir=\"ltr\">今天因为服务器的升级导致原先的图片都看不了了，所以说现在我通过升级一下服务器看看能否看到原有的那些图片。</p>\n','0',0,''),('06e220f8-f476-47fc-94bd-2a67f414ba68',8,1476869856,1478720671,'3bd665fc-f996-4be1-a466-3c21561fdca0','','[]','浙江省杭州市西湖区嘉仁路靠近温州银行(同仁家园社区支行)','120.078325','30.32738','<p dir=\"ltr\">今天经过南岛那边来了一个，推销的，他推销这个产品的话跟那个丁丁有点差不多，但是呢，那家伙说了一句特别牛逼的话，听得我都想笑了，他说他们那个语音识别输入引擎是自己开发的，我当时吓一跳，如果说他真能自己做出一个语音识别引擎的话，那他也别做听力了，直接靠那个东西能卖钱能吃一辈子了。</p>\n','0',0,''),('082e7c2b-14fa-4621-9751-ed4fc1841a39',2,1473159586,1486185823,'61b4e5f1-79d6-4166-b51a-3e2405ceea12','','','浙江省杭州市西湖区嘉仁路靠近温州银行(嘉仁路)','120.078256','30.327365','呵呵呵呵呵呵呵<style>img{max-width: 90%; width:auto; height: auto;}</style>','0',0,''),('09692cce-cbbc-41a0-a1b9-e663fb8d270c',10,1477031322,1485779924,'41b3e1df-e241-443d-824b-e4a33b241809','http://function-hz.com:8080/upload/f9fdadae-84e4-463e-9063-93d0c13e2143.jpeg','[{\"pic\":\"http:\\/\\/function-hz.com:8080\\/upload\\/f9fdadae-84e4-463e-9063-93d0c13e2143.jpeg\"}]','浙江省杭州市西湖区嘉仁路靠近温州银行(同仁家园社区支行)','120.078398','30.327355','abcdefghijklmn','0',0,''),('0fc711f4-04e1-488a-9e96-6882cd1db4f8',2,1474613398,1486185823,'0c9bb8e1-3ba3-4767-816f-40af3aac81a9','http://function-hz.com:8080/upload/2d41540e-07ac-4925-bff7-da00f10284e1.jpeg','[{\"pic\":\"http:\\/\\/function-hz.com:8080\\/upload\\/95c43060-fb4f-42a8-b96b-7ef8a2fb77b2.jpeg\"},{\"pic\":\"http:\\/\\/function-hz.com:8080\\/upload\\/9529b9d4-198d-455a-84b8-f6db33b6e4b1.jpeg\"},{\"pic\":\"http:\\/\\/function-hz.com:8080\\/upload\\/2d41540e-07ac-4925-bff7-da00f10284e1.jpeg\"}]','浙江省杭州市西湖区嘉仁路靠近温州银行(嘉仁路)','120.078294','30.32736','<p dir=\"ltr\">呵呵呵呵</p>\n','0',0,''),('104b74ed-a95c-4c6e-8ac5-d9a47ac64279',8,1473229158,1478720671,'628337fd-9725-4b77-bd95-48cd18d74376','','','杭州市西湖区三墩镇同仁家园','120.077959','30.326324','测试<br><br>测试<style>img{max-width: 90%; width:auto; height: auto;}</style>','0',0,''),('11bf2d2c-7607-499e-a5d3-5967b2560530',10,1478770428,1478770428,'41b3e1df-e241-443d-824b-e4a33b241809','http://function-hz.com:8080//upload/93035b34-b3ed-4da8-bc55-8ca829449960.jpeg','[{\"pic\":\"http:\\/\\/function-hz.com:8080\\/\\/upload\\/93035b34-b3ed-4da8-bc55-8ca829449960.jpeg\"}]','浙江省杭州市西湖区嘉仁路靠近温州银行(同仁家园社区支行)','120.078358','30.327301','<p dir=\"ltr\">今天因为服务器的升级导致原先的图片都看不了了，所以说现在我通过升级一下服务器看看能否看到原有的那些图片。</p>\n','0',0,''),('1845bfe0-6883-4040-8f3a-dcf10b92226d',8,1473159586,1478720671,'e8374303-bf8b-48e9-8444-345fdd685a6d','','','浙江省杭州市西湖区嘉仁路靠近温州银行(嘉仁路)','120.078256','30.327365','呵呵呵呵呵呵呵<style>img{max-width: 90%; width:auto; height: auto;}</style>','0',0,''),('1847a703-cbf3-4c40-bfe3-3d9c91683187',8,1476861334,1482858273,'3bd665fc-f996-4be1-a466-3c21561fdca0','http://function-hz.com:8080/upload/a389aeca-58a8-4d02-ab4a-4a628c65aeb1.jpeg','[{\"pic\":\"http:\\/\\/function-hz.com:8080\\/upload\\/e55f88de-990f-472b-b0a6-f5d59617d2bd.jpeg\"},{\"pic\":\"http:\\/\\/function-hz.com:8080\\/upload\\/a389aeca-58a8-4d02-ab4a-4a628c65aeb1.jpeg\"}]','浙江省杭州市西湖区嘉仁路靠近温州银行(同仁家园社区支行)','120.078251','30.327531','<p dir=\"ltr\">今天把手机端的都做好了,后面加上服务端同步的功能.</p>\n<p dir=\"ltr\">这样一期就彻底完成了.</p>\n<p dir=\"ltr\">对咯,差点忘记了,要加上语音输入</p>\n','0',0,''),('1ee57ec0-ac90-473f-b01d-23cd3a7dc531',17,1486265009,0,'96328d90-e52e-4ee9-9eeb-05aca22696b7','','[]','浙江省杭州市西湖区跑马场路靠近商船三井(中国)有限公司杭州办事处','120.139774','30.267866','','0',0,''),('1f6e8d37-96e3-4644-bc1d-b9784478f567',10,1475512691,1482858273,'41b3e1df-e241-443d-824b-e4a33b241809','http://function-hz.com:8080/upload/f074ec57-f3ca-4c16-9836-665ff729adcf.jpeg','[{\"pic\":\"http:\\/\\/function-hz.com:8080\\/upload\\/15ac119d-31a8-4cce-82a2-c4d43b961d3f.jpeg\"},{\"pic\":\"http:\\/\\/function-hz.com:8080\\/upload\\/f074ec57-f3ca-4c16-9836-665ff729adcf.jpeg\"}]','浙江省杭州市西湖区嘉仁路靠近温州银行(嘉仁路)','120.078449','30.327388','<p dir=\"ltr\">今天完成1.3版本的更新</p>\n','0',0,''),('200f1ae1-1766-4d68-9498-6ed0819b572f',8,1483061470,1485426105,'628337fd-9725-4b77-bd95-48cd18d74376','','','浙江省杭州市西湖区嘉仁路靠近温州银行(同仁家园社区支行)','120.0784','30.327361','测试','0',0,''),('210607b5-b27a-4bce-9201-b0ae16fc3e76',10,1478594067,1482858273,'bd4ed683-afce-4c37-9f9b-0e0f1c2d81f0','http://function-hz.com:8080//upload/31d7b1b8-f0da-4f90-b6d4-ee67664f6387.jpeg','[{\"pic\":\"http:\\/\\/function-hz.com:8080\\/\\/upload\\/31d7b1b8-f0da-4f90-b6d4-ee67664f6387.jpeg\"}]','浙江省杭州市西湖区嘉仁路靠近温州银行(同仁家园社区支行)','120.078381','30.327277','<p dir=\"ltr\">哈哈哈哈哈哈哈哈<br>\n修改点内容</p>\n<p dir=\"ltr\">不能修改笔记,只能在原有基础上新建</p>\n<p dir=\"ltr\">再加点聊</p>\n','0',0,''),('2135d4ec-cbbb-4e68-b9e2-d371a8267f90',2,1483066999,1483066999,'c5f7b26a-9fcd-49f7-9a28-5711bf1d9bf8','','','浙江省杭州市西湖区嘉仁路靠近温州银行(同仁家园社区支行)','120.078318','30.327397','测试只有一张图片的笔记','c1a6c5ec-7be5-449e-9d5a-81142f815fa3',0,''),('215227ef-3b1c-4e9e-ae97-2d92ec08eeba',8,1482597003,1482597003,'628337fd-9725-4b77-bd95-48cd18d74376','http://function-hz.com:8080//upload/9a4ee028-40b9-4932-b23b-77d514721bbe.jpeg','[{\"pic\":\"http:\\/\\/function-hz.com:8080\\/\\/upload\\/31a70bb3-9c08-4feb-aa8c-db2d8af2c236.jpeg\"},{\"pic\":\"http:\\/\\/function-hz.com:8080\\/\\/upload\\/a40c35cc-5873-49aa-8f02-fdad11d674ec.jpeg\"},{\"pic\":\"http:\\/\\/function-hz.com:8080\\/\\/upload\\/a4609bad-92b2-4cf7-bf29-92976421f8c3.jpeg\"},{\"pic\":\"http:\\/\\/function-hz.com:8080\\/\\/upload\\/eedac79b-4621-44e6-bd12-4b87ed9d7998.jpeg\"},{\"pic\":\"http:\\/\\/function-hz.com:8080\\/\\/upload\\/34c380e1-7ecc-40e9-b98f-0eebed8dc61b.jpeg\"},{\"pic\":\"http:\\/\\/function-hz.com:8080\\/\\/upload\\/535df8f3-f58a-46d3-a4c5-640d3856d50a.jpeg\"},{\"pic\":\"http:\\/\\/function-hz.com:8080\\/\\/upload\\/0c5c6eaf-9cc8-43d9-99f7-92797e31f6cf.jpeg\"},{\"pic\":\"http:\\/\\/function-hz.com:8080\\/\\/upload\\/90b10aa6-f42c-400f-87c4-54a038aa02c9.jpeg\"},{\"pic\":\"http:\\/\\/function-hz.com:8080\\/\\/upload\\/9a4ee028-40b9-4932-b23b-77d514721bbe.jpeg\"}]','浙江省杭州市西湖区嘉仁路靠近温州银行(同仁家园社区支行)','120.0784','30.327361','<p dir=\"ltr\">今天我来测试，通过新的一米贵的，来添加图片。目前测试下来情况还有点不满意，比如说我希望把所有图片都截成那种正方形，然后，旁边的话他还有一些什么原型的一些东西，而他旁边还有些什么灰色的背景图我也想给它去掉。</p>\n','0',0,''),('24d6098a-36cc-42ec-876c-68e1094f5303',8,1473159497,1482858273,'628337fd-9725-4b77-bd95-48cd18d74376','http://function-hz.com:8080/upload/c2aef38b-d0ee-4644-b47b-5cbf5ccbd8a6.jpg','','浙江省杭州市西湖区嘉仁路靠近温州银行(嘉仁路)','120.078272','30.327377','呵呵<br><br><img src=\"http://thinkman-wang.com:8080/upload/c2aef38b-d0ee-4644-b47b-5cbf5ccbd8a6.jpg\" alt=\"pic\"><br><style>img{max-width: 90%; width:auto; height: auto;}</style>','0',0,''),('28cce96d-f5a3-48b5-8d5f-8e4bf0725a34',10,1483061470,1485426105,'57c4ac09-a4b5-474d-a53e-f1a1deb873a6','','','浙江省杭州市西湖区嘉仁路靠近温州银行(同仁家园社区支行)','120.0784','30.327361','测试','0',0,''),('2942a616-2984-45a3-a75a-c01e93ec17c5',2,1475772645,1486185823,'0c9bb8e1-3ba3-4767-816f-40af3aac81a9','','[]','浙江省杭州市西湖区嘉仁路靠近温州银行(嘉仁路)','120.078343','30.327375','<p dir=\"ltr\">完成</p>\n','0',0,''),('2de6ba6b-b665-4dc1-918b-7e48383dc06d',2,1476869336,1486185823,'27fd8f62-c19d-4a1f-9524-a5f9c38fae8c','http://function-hz.com:8080/upload/e36c6ce8-aebf-4709-89b1-084610c4e58a.jpeg','[{\"pic\":\"http:\\/\\/function-hz.com:8080\\/upload\\/7ee24c17-6b4e-489a-94c5-ebec7ebbbf87.jpeg\"},{\"pic\":\"http:\\/\\/function-hz.com:8080\\/upload\\/784ca9d2-b803-4a2f-b459-5cf475a21873.jpeg\"},{\"pic\":\"http:\\/\\/function-hz.com:8080\\/upload\\/e36c6ce8-aebf-4709-89b1-084610c4e58a.jpeg\"}]','浙江省杭州市西湖区嘉仁路靠近温州银行(同仁家园社区支行)','120.078327','30.327351','<p dir=\"ltr\">今天有个傻逼给我打电话说我有没有兴趣去买上海那个房子，然后我直接说一句，我已经移民海外了，然后妈直接给我挂掉了这傻逼tmd一点一点职业道德都没有的。还有啊，这个，他作为一个客服将能够直接挂客户电话，这可不对吧！好了，这是我今天完成功能，通过语音输入笔记好了完成了。</p>\n','0',0,''),('3160fcd6-e89a-4641-ada5-dd481a7aedfb',10,1477031322,1482858273,'41b3e1df-e241-443d-824b-e4a33b241809','http://function-hz.com:8080/upload/f9fdadae-84e4-463e-9063-93d0c13e2143.jpeg','[{\"pic\":\"http:\\/\\/function-hz.com:8080\\/upload\\/f9fdadae-84e4-463e-9063-93d0c13e2143.jpeg\"}]','浙江省杭州市西湖区嘉仁路靠近温州银行(同仁家园社区支行)','120.078398','30.327355','<p dir=\"ltr\">今天收到科大讯飞客服的来电，原来使用他们那个科大讯飞的语音识别是有要求的，在页面的一些地方要显示语音技术由科大讯飞提供，这个不管什么地方。显示就好。<br>\n呵呵哈哈哈</p>\n','0',0,''),('36797ea5-5800-46bd-88e2-b57c6cdf64b7',8,1476869336,1482858273,'3bd665fc-f996-4be1-a466-3c21561fdca0','http://function-hz.com:8080/upload/e36c6ce8-aebf-4709-89b1-084610c4e58a.jpeg','[{\"pic\":\"http:\\/\\/function-hz.com:8080\\/upload\\/7ee24c17-6b4e-489a-94c5-ebec7ebbbf87.jpeg\"},{\"pic\":\"http:\\/\\/function-hz.com:8080\\/upload\\/784ca9d2-b803-4a2f-b459-5cf475a21873.jpeg\"},{\"pic\":\"http:\\/\\/function-hz.com:8080\\/upload\\/e36c6ce8-aebf-4709-89b1-084610c4e58a.jpeg\"}]','浙江省杭州市西湖区嘉仁路靠近温州银行(同仁家园社区支行)','120.078327','30.327351','<p dir=\"ltr\">今天有个傻逼给我打电话说我有没有兴趣去买上海那个房子，然后我直接说一句，我已经移民海外了，然后妈直接给我挂掉了这傻逼tmd一点一点职业道德都没有的。还有啊，这个，他作为一个客服将能够直接挂客户电话，这可不对吧！好了，这是我今天完成功能，通过语音输入笔记好了完成了。</p>\n','0',0,''),('36f8d354-3c44-41a2-8511-a6e929df2e40',2,1478594123,1486185823,'e2bea726-5b39-4f11-ac7a-ce4955949591','http://function-hz.com:8080//upload/e329dd80-3485-4154-b8a7-86a7028e7122.jpeg','[{\"pic\":\"http:\\/\\/function-hz.com:8080\\/\\/upload\\/31d7b1b8-f0da-4f90-b6d4-ee67664f6387.jpeg\"},{\"pic\":\"http:\\/\\/function-hz.com:8080\\/\\/upload\\/e329dd80-3485-4154-b8a7-86a7028e7122.jpeg\"}]','浙江省杭州市西湖区嘉仁路靠近温州银行(同仁家园社区支行)','120.078381','30.327277','<p dir=\"ltr\">哈哈哈哈哈哈哈哈<br>\n修改点内容</p>\n<p dir=\"ltr\">不能修改笔记,只能在原有基础上新建</p>\n<p dir=\"ltr\">再加点聊</p>\n<p dir=\"ltr\">呵呵</p>\n','0',0,''),('3712d294-37d3-4738-94dc-6ac041cef69a',2,1475400304,1486185823,'0c9bb8e1-3ba3-4767-816f-40af3aac81a9','http://function-hz.com:8080/upload/8f744917-0928-4a5a-83d3-88c1f7539d13.jpeg','[{\"pic\":\"http:\\/\\/function-hz.com:8080\\/upload\\/b65598cd-480d-4b66-9076-159d451ede9a.jpeg\"},{\"pic\":\"http:\\/\\/function-hz.com:8080\\/upload\\/8f744917-0928-4a5a-83d3-88c1f7539d13.jpeg\"}]','浙江省杭州市西湖区嘉仁路靠近温州银行(嘉仁路)','120.078293','30.327368','<p dir=\"ltr\">呵呵</p>\n','0',0,''),('385416d2-9e5c-4656-b156-1ff2e2392e4f',15,1486202024,0,'0211e2de-8883-42c4-97c3-b07ee85286e1','','[]','浙江省杭州市临安市赤里线靠近外伍村','119.407836','30.021676','<p dir=\"ltr\">1.打开的时候空白屏大概5秒，换启动屏；<br>\n2.小庭记录交付万马换名称为万马科技。</p>\n','0',0,''),('388e83e1-3cca-4f97-8465-edb9a7bff7a3',16,1486211657,1486803107,'d9c4f19e-9cc8-41d8-b00e-72676590d64c','','[]','浙江省杭州市临安市赤里线靠近外伍村','119.407836','30.021676','<p dir=\"ltr\">测试上传笔记，从本地编辑的入口写到笔记上传不了?</p>\n','0',1,''),('3bcb0b8d-bd64-4a56-ac2f-1f20e06f4b68',10,1476869336,1482858273,'41b3e1df-e241-443d-824b-e4a33b241809','http://function-hz.com:8080/upload/e36c6ce8-aebf-4709-89b1-084610c4e58a.jpeg','[{\"pic\":\"http:\\/\\/function-hz.com:8080\\/upload\\/7ee24c17-6b4e-489a-94c5-ebec7ebbbf87.jpeg\"},{\"pic\":\"http:\\/\\/function-hz.com:8080\\/upload\\/784ca9d2-b803-4a2f-b459-5cf475a21873.jpeg\"},{\"pic\":\"http:\\/\\/function-hz.com:8080\\/upload\\/e36c6ce8-aebf-4709-89b1-084610c4e58a.jpeg\"}]','浙江省杭州市西湖区嘉仁路靠近温州银行(同仁家园社区支行)','120.078327','30.327351','<p dir=\"ltr\">今天有个傻逼给我打电话说我有没有兴趣去买上海那个房子，然后我直接说一句，我已经移民海外了，然后妈直接给我挂掉了这傻逼tmd一点一点职业道德都没有的。还有啊，这个，他作为一个客服将能够直接挂客户电话，这可不对吧！好了，这是我今天完成功能，通过语音输入笔记好了完成了。</p>\n','0',0,''),('44861b5e-e04c-4d0f-aa26-c00de575713e',2,1483061470,1485426105,'0c9bb8e1-3ba3-4767-816f-40af3aac81a9','','','浙江省杭州市西湖区嘉仁路靠近温州银行(同仁家园社区支行)','120.0784','30.327361','测试','ba302071-4e8b-45fa-8eaa-44bad1cad39a',1,''),('476a194e-f961-4d75-a652-54fc8f647631',8,1477630011,1482858273,'db31a0c6-e8c2-475f-9c5c-d055c1275755','http://function-hz.com:8080//upload/31d7b1b8-f0da-4f90-b6d4-ee67664f6387.jpeg','[{\"pic\":\"http:\\/\\/function-hz.com:8080\\/\\/upload\\/31d7b1b8-f0da-4f90-b6d4-ee67664f6387.jpeg\"}]','浙江省杭州市西湖区嘉仁路靠近温州银行(同仁家园社区支行)','120.078381','30.327277','<p dir=\"ltr\">哈哈哈哈哈哈哈哈<br>\n修改点内容</p>\n','0',0,''),('48775976-853f-42ee-9c01-7af2b467d9ce',8,1476870650,1478720671,'3bd665fc-f996-4be1-a466-3c21561fdca0','','[]','浙江省杭州市西湖区嘉仁路靠近温州银行(同仁家园社区支行)','120.078409','30.327361','<p dir=\"ltr\">我觉得该吃饭了吧，现在这个时间点又到了琢磨晚上吃什么的时候了。</p>\n','0',0,''),('4a1b7a01-de81-48ab-8d6e-ad0fa8a94d47',8,1478594067,1482858273,'db31a0c6-e8c2-475f-9c5c-d055c1275755','http://function-hz.com:8080//upload/31d7b1b8-f0da-4f90-b6d4-ee67664f6387.jpeg','[{\"pic\":\"http:\\/\\/function-hz.com:8080\\/\\/upload\\/31d7b1b8-f0da-4f90-b6d4-ee67664f6387.jpeg\"}]','浙江省杭州市西湖区嘉仁路靠近温州银行(同仁家园社区支行)','120.078381','30.327277','<p dir=\"ltr\">哈哈哈哈哈哈哈哈<br>\n修改点内容</p>\n<p dir=\"ltr\">不能修改笔记,只能在原有基础上新建</p>\n<p dir=\"ltr\">再加点聊</p>\n','0',0,''),('4adf1529-f414-4458-8316-1fa3a2dfd815',8,1473159552,1482858273,'86306e4e-3c1d-4567-879c-f14b92886721','http://function-hz.com:8080/upload/306b9146-a20b-4dd2-8257-6e0c9b67c1d1.png','','浙江省杭州市西湖区嘉仁路靠近温州银行(嘉仁路)','120.078256','30.327365','呵呵<br><br><img src=\"http://thinkman-wang.com:8080/upload/306b9146-a20b-4dd2-8257-6e0c9b67c1d1.png\" alt=\"pic\"><br><style>img{max-width: 90%; width:auto; height: auto;}</style>','0',0,''),('4bbbdc77-b62e-4903-bfcc-f2de08837896',2,1473134378,1486185823,'27fd8f62-c19d-4a1f-9524-a5f9c38fae8c','http://function-hz.com:8080/upload/0873b353-6f18-4247-b92c-3ced2e544459.jpg','','浙江省杭州市西湖区嘉仁路靠近温州银行(嘉仁路)','120.078374','30.327379','hello world&nbsp;<br><br><img src=\"http://thinkman-wang.com:8080/upload/0873b353-6f18-4247-b92c-3ced2e544459.jpg\" alt=\"pic\"><br><style>img{max-width: 90%; width:auto; height: auto;}</style>','0',0,''),('5284ccbe-6dd0-4ca8-8a36-8bb807e4e0ea',10,1476861334,1482858273,'41b3e1df-e241-443d-824b-e4a33b241809','http://function-hz.com:8080/upload/a389aeca-58a8-4d02-ab4a-4a628c65aeb1.jpeg','[{\"pic\":\"http:\\/\\/function-hz.com:8080\\/upload\\/e55f88de-990f-472b-b0a6-f5d59617d2bd.jpeg\"},{\"pic\":\"http:\\/\\/function-hz.com:8080\\/upload\\/a389aeca-58a8-4d02-ab4a-4a628c65aeb1.jpeg\"}]','浙江省杭州市西湖区嘉仁路靠近温州银行(同仁家园社区支行)','120.078251','30.327531','<p dir=\"ltr\">今天把手机端的都做好了,后面加上服务端同步的功能.</p>\n<p dir=\"ltr\">这样一期就彻底完成了.</p>\n<p dir=\"ltr\">对咯,差点忘记了,要加上语音输入</p>\n','0',0,''),('55bc1c82-3c8e-4508-a202-eb0ed38279cc',8,1473159676,1478720671,'5d570377-af6d-4c1a-80b1-ae25e3f68275','','','浙江省杭州市西湖区嘉仁路靠近温州银行(嘉仁路)','120.078291','30.327432','h哦呵呵呵呵呵<style>img{max-width: 90%; width:auto; height: auto;}</style>','0',0,''),('56dbf04b-1bc8-4c84-aa3a-2c2a3c5f2e68',10,1475400304,1482858273,'57c4ac09-a4b5-474d-a53e-f1a1deb873a6','http://function-hz.com:8080/upload/8f744917-0928-4a5a-83d3-88c1f7539d13.jpeg','[{\"pic\":\"http:\\/\\/function-hz.com:8080\\/upload\\/b65598cd-480d-4b66-9076-159d451ede9a.jpeg\"},{\"pic\":\"http:\\/\\/function-hz.com:8080\\/upload\\/8f744917-0928-4a5a-83d3-88c1f7539d13.jpeg\"}]','浙江省杭州市西湖区嘉仁路靠近温州银行(嘉仁路)','120.078293','30.327368','<p dir=\"ltr\">呵呵</p>\n','0',0,''),('59098e35-b526-45dc-b75f-b53a9a426764',10,1477630011,1482858273,'bd4ed683-afce-4c37-9f9b-0e0f1c2d81f0','http://function-hz.com:8080//upload/31d7b1b8-f0da-4f90-b6d4-ee67664f6387.jpeg','[{\"pic\":\"http:\\/\\/function-hz.com:8080\\/\\/upload\\/31d7b1b8-f0da-4f90-b6d4-ee67664f6387.jpeg\"}]','浙江省杭州市西湖区嘉仁路靠近温州银行(同仁家园社区支行)','120.078381','30.327277','<p dir=\"ltr\">哈哈哈哈哈哈哈哈<br>\n修改点内容<br></p>\n<p dir=\"ltr\">不能修改笔记,只能在原有基础上新建</p>\n','0',0,''),('5f0879d8-0282-4d69-acda-9688da6f1906',10,1473159676,1478720671,'163d5f26-5b54-40cf-b95c-56b8e1869d6f','','','浙江省杭州市西湖区嘉仁路靠近温州银行(嘉仁路)','120.078291','30.327432','h哦呵呵呵呵呵<style>img{max-width: 90%; width:auto; height: auto;}</style>','0',0,''),('6091c115-cf1c-4f72-a637-0373e4baead0',8,1478594123,1482858273,'db31a0c6-e8c2-475f-9c5c-d055c1275755','http://function-hz.com:8080//upload/e329dd80-3485-4154-b8a7-86a7028e7122.jpeg','[{\"pic\":\"http:\\/\\/function-hz.com:8080\\/\\/upload\\/31d7b1b8-f0da-4f90-b6d4-ee67664f6387.jpeg\"},{\"pic\":\"http:\\/\\/function-hz.com:8080\\/\\/upload\\/e329dd80-3485-4154-b8a7-86a7028e7122.jpeg\"}]','浙江省杭州市西湖区嘉仁路靠近温州银行(同仁家园社区支行)','120.078381','30.327277','<p dir=\"ltr\">哈哈哈哈哈哈哈哈<br>\n修改点内容</p>\n<p dir=\"ltr\">不能修改笔记,只能在原有基础上新建</p>\n<p dir=\"ltr\">再加点聊</p>\n<p dir=\"ltr\">呵呵</p>\n','0',0,''),('60a64c8e-8eaf-4db7-964b-6b2a75106f0e',2,1483689230,1483689230,'c5f7b26a-9fcd-49f7-9a28-5711bf1d9bf8','','','浙江省杭州市西湖区嘉仁路靠近温州银行(同仁家园社区支行)','120.078318','30.327397','很好。继续更近//@王晓峰: 测试只有一张图片的笔记','c1a6c5ec-7be5-449e-9d5a-81142f815fa3',0,''),('6185e199-b293-4082-8f3b-e648193d9d6a',8,1478770428,1478770428,'3bd665fc-f996-4be1-a466-3c21561fdca0','http://function-hz.com:8080//upload/93035b34-b3ed-4da8-bc55-8ca829449960.jpeg','[{\"pic\":\"http:\\/\\/function-hz.com:8080\\/\\/upload\\/93035b34-b3ed-4da8-bc55-8ca829449960.jpeg\"}]','浙江省杭州市西湖区嘉仁路靠近温州银行(同仁家园社区支行)','120.078358','30.327301','<p dir=\"ltr\">今天因为服务器的升级导致原先的图片都看不了了，所以说现在我通过升级一下服务器看看能否看到原有的那些图片。</p>\n','0',0,''),('6356bd42-4ca7-49b2-a3ef-f472e0b5c5e8',10,1477630011,1482858273,'bd4ed683-afce-4c37-9f9b-0e0f1c2d81f0','http://function-hz.com:8080//upload/31d7b1b8-f0da-4f90-b6d4-ee67664f6387.jpeg','[{\"pic\":\"http:\\/\\/function-hz.com:8080\\/\\/upload\\/31d7b1b8-f0da-4f90-b6d4-ee67664f6387.jpeg\"}]','浙江省杭州市西湖区嘉仁路靠近温州银行(同仁家园社区支行)','120.078381','30.327277','<p dir=\"ltr\">哈哈哈哈哈哈哈哈<br>\n修改点内容</p>\n','0',0,''),('652eaa2c-f5ed-435f-b082-63688667eea9',2,1483040700,1485427855,'c5f7b26a-9fcd-49f7-9a28-5711bf1d9bf8','','','浙江省杭州市西湖区嘉仁路靠近温州银行(同仁家园社区支行)','120.078277','30.327525','TMD //@王晓峰: 不错, 继续跟进','a76535ad-b884-47ab-b7ff-922a60894e78',1,''),('656e11e5-9966-42b0-9916-7cc2413980ab',10,1475402432,1482858273,'57c4ac09-a4b5-474d-a53e-f1a1deb873a6','http://function-hz.com:8080/upload/bd98c836-1db0-4113-97fb-bd71f102bfe4.jpeg','[{\"pic\":\"http:\\/\\/function-hz.com:8080\\/upload\\/dc6d3a44-a1e0-455e-ac35-80831510327b.jpeg\"},{\"pic\":\"http:\\/\\/function-hz.com:8080\\/upload\\/576ab242-2b8b-4a05-a649-fe6155c0758a.jpeg\"},{\"pic\":\"http:\\/\\/function-hz.com:8080\\/upload\\/b033ad24-d022-4c46-afac-ab961e3d6e59.jpeg\"},{\"pic\":\"http:\\/\\/function-hz.com:8080\\/upload\\/f05d76c9-3b1f-4058-bfae-3b247ac6e020.jpeg\"},{\"pic\":\"http:\\/\\/function-hz.com:8080\\/upload\\/42938357-787f-40ae-8c2e-e09ab68d68d0.jpeg\"},{\"pic\":\"http:\\/\\/function-hz.com:8080\\/upload\\/f842d661-11c0-4b34-bfd8-0d6c53f31aa4.jpeg\"},{\"pic\":\"http:\\/\\/function-hz.com:8080\\/upload\\/1dd96497-3ecf-4c77-9f16-0c006ed69f32.jpeg\"},{\"pic\":\"http:\\/\\/function-hz.com:8080\\/upload\\/de648a4a-b86f-4e34-a05d-4b3703e32add.jpeg\"},{\"pic\":\"http:\\/\\/function-hz.com:8080\\/upload\\/083066ab-5572-4257-be83-8b4493fc5176.jpeg\"},{\"pic\":\"http:\\/\\/function-hz.com:8080\\/upload\\/de4ef6d9-e0ca-486c-a665-cfda3b5e1196.jpeg\"},{\"pic\":\"http:\\/\\/function-hz.com:8080\\/upload\\/bd98c836-1db0-4113-97fb-bd71f102bfe4.jpeg\"}]','浙江省杭州市西湖区嘉仁路靠近温州银行(嘉仁路)','120.078406','30.327371','<p dir=\"ltr\">呵呵<br>\n哈哈哈哈</p>\n','0',0,''),('65999140-d37d-49e9-8cd0-2975ed6e107a',8,1476872307,1482858273,'3bd665fc-f996-4be1-a466-3c21561fdca0','http://function-hz.com:8080/upload/2c35e2b7-396e-47a4-9e0e-f31d0eb10f6b.jpeg','[{\"pic\":\"http:\\/\\/function-hz.com:8080\\/upload\\/5b3f44bf-c535-4588-a70b-6fb086fd6d7e.jpeg\"},{\"pic\":\"http:\\/\\/function-hz.com:8080\\/upload\\/e514b802-8aed-44c1-af34-dfa36c762191.jpeg\"},{\"pic\":\"http:\\/\\/function-hz.com:8080\\/upload\\/587eeb40-7cca-4bf2-9ee1-dc6489408b76.jpeg\"},{\"pic\":\"http:\\/\\/function-hz.com:8080\\/upload\\/3078ba19-6062-4d30-9679-072536d7e254.jpeg\"},{\"pic\":\"http:\\/\\/function-hz.com:8080\\/upload\\/2c35e2b7-396e-47a4-9e0e-f31d0eb10f6b.jpeg\"}]','浙江省杭州市西湖区嘉仁路靠近温州银行(同仁家园社区支行)','120.0784','30.327393','<p dir=\"ltr\">一个错字都没有。无论你使用什么手机。只要你下载语音输入法。99%的识别率。当你们看到这条视频的时候，代表新飞输入法的。彩排时发现现场回声太大，拍下这段以防万一，我是这次演示流程的负责人朱萧木，讯飞没有任何问题，问题都在于我，我们的演示环境没有处理好。那你说话时讯飞语音引擎的正确率达到97%以上，如果你不是发给老罗那样的强迫症，连改都不用改。语音识别基本解决了移动设备的语音输入，但他们不像我们要会忽悠，我们，很希望能够借助这次发布会向大家宣传一下，可惜玩儿砸了，非常抱歉。</p>\n','0',0,''),('67914c27-a254-442b-aca6-364585494bb6',10,1475569872,1482858273,'41b3e1df-e241-443d-824b-e4a33b241809','http://function-hz.com:8080/upload/081c8171-b34f-4bf4-8229-1a4e0be81c0e.jpeg','[{\"pic\":\"http:\\/\\/function-hz.com:8080\\/upload\\/081c8171-b34f-4bf4-8229-1a4e0be81c0e.jpeg\"}]','浙江省杭州市西湖区嘉仁路靠近同仁家园金涛港','120.07827','30.327808','<p dir=\"ltr\">增加删除笔记的功能</p>\n','0',0,''),('692f6064-368d-424f-bcaf-aac1f4a11244',16,1486787294,0,'881a6ae9-42eb-4dc8-ad7c-ed498fcd53e2','','[]','浙江省杭州市临安市青溪街靠近万马电子医疗有限公司','119.609731','30.263765','<p dir=\"ltr\">预约考察</p>\n','0',0,''),('697fcf24-80ed-43c9-a279-7a5825aaea7e',10,1473159737,1478720671,'ddbf4458-3e2f-406e-bcfa-ac7aa1780e50','','','浙江省杭州市西湖区嘉仁路靠近温州银行(嘉仁路)','120.07829','30.327433','谈判破裂<style>img{max-width: 90%; width:auto; height: auto;}</style>','0',0,''),('6a2b19a1-53aa-4c0d-b08f-56dc633c2479',2,1473159737,1486185823,'faba285c-ec05-49db-80ff-50cc3e10cdf5','','','浙江省杭州市西湖区嘉仁路靠近温州银行(嘉仁路)','120.07829','30.327433','谈判破裂<style>img{max-width: 90%; width:auto; height: auto;}</style>','0',0,''),('6a3c2acf-3091-4d6c-abfc-e7b777030d10',2,1483047840,1485427851,'c5f7b26a-9fcd-49f7-9a28-5711bf1d9bf8','','','浙江省杭州市西湖区嘉仁路靠近温州银行(同仁家园社区支行)','120.078277','30.327525','呵呵呵//@王晓峰: 跟进你妈了个b//@王晓峰: TMD //@王晓峰: 不错, 继续跟进','a76535ad-b884-47ab-b7ff-922a60894e78',1,''),('6b1b1dc9-5917-4a96-87b0-b30285a7cf5e',2,1486804731,0,'4e04573c-9157-46c0-9505-8f1c320f8f8f','','[]','','120.01906222873264','30.280458713107638','<p dir=\"ltr\">呵呵呵呵呵</p>\n','0',0,''),('6be659c3-06cb-40be-8d93-d534806a381a',16,1486212714,1486212714,'391865b4-1886-4f6a-a29a-987b22bad7cc','','','浙江省杭州市临安市赤里线靠近外伍村','119.407909','30.02182','安排陈伟电话信息科了解信息。','a9c891f8-deec-43a9-a456-d0cf6939babf',0,''),('6d91a0be-bf0a-4100-99b6-f59003d5dec8',2,1475402432,1486185823,'0c9bb8e1-3ba3-4767-816f-40af3aac81a9','http://function-hz.com:8080/upload/bd98c836-1db0-4113-97fb-bd71f102bfe4.jpeg','[{\"pic\":\"http:\\/\\/function-hz.com:8080\\/upload\\/dc6d3a44-a1e0-455e-ac35-80831510327b.jpeg\"},{\"pic\":\"http:\\/\\/function-hz.com:8080\\/upload\\/576ab242-2b8b-4a05-a649-fe6155c0758a.jpeg\"},{\"pic\":\"http:\\/\\/function-hz.com:8080\\/upload\\/b033ad24-d022-4c46-afac-ab961e3d6e59.jpeg\"},{\"pic\":\"http:\\/\\/function-hz.com:8080\\/upload\\/f05d76c9-3b1f-4058-bfae-3b247ac6e020.jpeg\"},{\"pic\":\"http:\\/\\/function-hz.com:8080\\/upload\\/42938357-787f-40ae-8c2e-e09ab68d68d0.jpeg\"},{\"pic\":\"http:\\/\\/function-hz.com:8080\\/upload\\/f842d661-11c0-4b34-bfd8-0d6c53f31aa4.jpeg\"},{\"pic\":\"http:\\/\\/function-hz.com:8080\\/upload\\/1dd96497-3ecf-4c77-9f16-0c006ed69f32.jpeg\"},{\"pic\":\"http:\\/\\/function-hz.com:8080\\/upload\\/de648a4a-b86f-4e34-a05d-4b3703e32add.jpeg\"},{\"pic\":\"http:\\/\\/function-hz.com:8080\\/upload\\/083066ab-5572-4257-be83-8b4493fc5176.jpeg\"},{\"pic\":\"http:\\/\\/function-hz.com:8080\\/upload\\/de4ef6d9-e0ca-486c-a665-cfda3b5e1196.jpeg\"},{\"pic\":\"http:\\/\\/function-hz.com:8080\\/upload\\/bd98c836-1db0-4113-97fb-bd71f102bfe4.jpeg\"}]','浙江省杭州市西湖区嘉仁路靠近温州银行(嘉仁路)','120.078406','30.327371','<p dir=\"ltr\">呵呵<br>\n哈哈哈哈</p>\n','0',0,''),('6f5b3b65-9e76-4323-8802-2bb597781851',16,1486975108,1486975132,'d13ce90d-2f45-4913-a357-97c6c3842542','http://function-hz.com:8080//upload/1694b803-c4dd-4ec5-89a5-eae937b006a4.jpeg','[{\"pic\":\"http:\\/\\/function-hz.com:8080\\/\\/upload\\/1694b803-c4dd-4ec5-89a5-eae937b006a4.jpeg\"}]','浙江省台州市天台县劳动路靠近浙江省天台人民医院','121.032341','29.14222','<p dir=\"ltr\">裘院长没在办公室，电话占线没回</p>\n','0',1,''),('7a1b3131-1f2e-42fb-80a9-8af7b6dccf7c',10,1476869856,1478720671,'41b3e1df-e241-443d-824b-e4a33b241809','','[]','浙江省杭州市西湖区嘉仁路靠近温州银行(同仁家园社区支行)','120.078325','30.32738','<p dir=\"ltr\">今天经过南岛那边来了一个，推销的，他推销这个产品的话跟那个丁丁有点差不多，但是呢，那家伙说了一句特别牛逼的话，听得我都想笑了，他说他们那个语音识别输入引擎是自己开发的，我当时吓一跳，如果说他真能自己做出一个语音识别引擎的话，那他也别做听力了，直接靠那个东西能卖钱能吃一辈子了。</p>\n','0',0,''),('7ce32c51-a5e5-4048-8b62-0f46c1bfee04',2,1476869856,1486185823,'27fd8f62-c19d-4a1f-9524-a5f9c38fae8c','','[]','浙江省杭州市西湖区嘉仁路靠近温州银行(同仁家园社区支行)','120.078325','30.32738','<p dir=\"ltr\">今天经过南岛那边来了一个，推销的，他推销这个产品的话跟那个丁丁有点差不多，但是呢，那家伙说了一句特别牛逼的话，听得我都想笑了，他说他们那个语音识别输入引擎是自己开发的，我当时吓一跳，如果说他真能自己做出一个语音识别引擎的话，那他也别做听力了，直接靠那个东西能卖钱能吃一辈子了。</p>\n','0',0,''),('7d01a23d-63d1-40f6-8c5a-9203234705bb',8,1475772645,1478720671,'628337fd-9725-4b77-bd95-48cd18d74376','','[]','浙江省杭州市西湖区嘉仁路靠近温州银行(嘉仁路)','120.078343','30.327375','<p dir=\"ltr\">完成</p>\n','0',0,''),('7e98c876-75f8-479e-b598-e442809293f7',15,1486212339,0,'e54c6d09-b48c-44dd-ab14-e42224b75a96','','[]','浙江省杭州市临安市赤里线靠近外伍村','119.407912','30.021937','<p dir=\"ltr\">今天了解医院需求，没有开展闹脑卒中业务。</p>\n','0',0,''),('7eba0369-a014-4637-b831-d0f0c414075e',2,1483040580,1485427858,'c5f7b26a-9fcd-49f7-9a28-5711bf1d9bf8','','','浙江省杭州市西湖区嘉仁路靠近温州银行(同仁家园社区支行)','120.078277','30.327525','不错, 继续跟进','a76535ad-b884-47ab-b7ff-922a60894e78',1,''),('800f6123-c910-4456-89ab-dbccd7699789',2,1482867896,1485427860,'c5f7b26a-9fcd-49f7-9a28-5711bf1d9bf8','','','浙江省杭州市西湖区嘉仁路靠近温州银行(同仁家园社区支行)','120.078398','30.327355','好, 就这么办','cb31c889-2598-40bc-b781-7364c3492418',1,''),('800f684c-c910-4dfe-89ab-dbccd7699cbe',2,1477031322,1486185823,'27fd8f62-c19d-4a1f-9524-a5f9c38fae8c','http://function-hz.com:8080/upload/f9fdadae-84e4-463e-9063-93d0c13e2143.jpeg','[{\"pic\":\"http:\\/\\/function-hz.com:8080\\/upload\\/f9fdadae-84e4-463e-9063-93d0c13e2143.jpeg\"}]','浙江省杭州市西湖区嘉仁路靠近温州银行(同仁家园社区支行)','120.078398','30.327355','<p dir=\"ltr\">今天收到科大讯飞客服的来电，原来使用他们那个科大讯飞的语音识别是有要求的，在页面的一些地方要显示语音技术由科大讯飞提供，这个不管什么地方。显示就好。<br>\n呵呵哈哈哈</p>\n','0',0,''),('800f684c-c910-4dfe-89ab-dbccd7699cbf',2,1477031322,1486185823,'27fd8f62-c19d-4a1f-9524-a5f9c38fae8c','http://function-hz.com:8080/upload/f9fdadae-84e4-463e-9063-93d0c13e2143.jpeg','[{\"pic\":\"http:\\/\\/function-hz.com:8080\\/upload\\/f9fdadae-84e4-463e-9063-93d0c13e2143.jpeg\"}]','浙江省杭州市西湖区嘉仁路靠近温州银行(同仁家园社区支行)','120.078398','30.327355','abcdefghijklmn','0',0,''),('80299df2-f738-4b55-b3f4-3e46416fa1fd',2,1478594067,1486185823,'e2bea726-5b39-4f11-ac7a-ce4955949591','http://function-hz.com:8080//upload/31d7b1b8-f0da-4f90-b6d4-ee67664f6387.jpeg','[{\"pic\":\"http:\\/\\/function-hz.com:8080\\/\\/upload\\/31d7b1b8-f0da-4f90-b6d4-ee67664f6387.jpeg\"}]','浙江省杭州市西湖区嘉仁路靠近温州银行(同仁家园社区支行)','120.078381','30.327277','<p dir=\"ltr\">哈哈哈哈哈哈哈哈<br>\n修改点内容</p>\n<p dir=\"ltr\">不能修改笔记,只能在原有基础上新建</p>\n<p dir=\"ltr\">再加点聊</p>\n','0',0,''),('85740ddf-907f-4b2b-b51c-536faad76da2',16,1486212693,1486212693,'391865b4-1886-4f6a-a29a-987b22bad7cc','','','浙江省杭州市临安市赤里线靠近外伍村','119.407909','30.02182','','a9c891f8-deec-43a9-a456-d0cf6939babf',0,''),('85c97d6f-13d6-4c68-926b-37996de82ff9',8,1477031322,1482858273,'3bd665fc-f996-4be1-a466-3c21561fdca0','http://function-hz.com:8080/upload/f9fdadae-84e4-463e-9063-93d0c13e2143.jpeg','[{\"pic\":\"http:\\/\\/function-hz.com:8080\\/upload\\/f9fdadae-84e4-463e-9063-93d0c13e2143.jpeg\"}]','浙江省杭州市西湖区嘉仁路靠近温州银行(同仁家园社区支行)','120.078398','30.327355','<p dir=\"ltr\">今天收到科大讯飞客服的来电，原来使用他们那个科大讯飞的语音识别是有要求的，在页面的一些地方要显示语音技术由科大讯飞提供，这个不管什么地方。显示就好。<br>\n呵呵哈哈哈</p>\n','0',0,''),('85eef63b-1473-4458-b8a0-b4e42e07ba72',2,1475569872,1486185823,'27fd8f62-c19d-4a1f-9524-a5f9c38fae8c','http://function-hz.com:8080/upload/081c8171-b34f-4bf4-8229-1a4e0be81c0e.jpeg','[{\"pic\":\"http:\\/\\/function-hz.com:8080\\/upload\\/081c8171-b34f-4bf4-8229-1a4e0be81c0e.jpeg\"}]','浙江省杭州市西湖区嘉仁路靠近同仁家园金涛港','120.07827','30.327808','<p dir=\"ltr\">增加删除笔记的功能</p>\n','0',0,''),('871a4000-a883-416f-95fb-a2ab8b064b0f',10,1476812072,1482858273,'41b3e1df-e241-443d-824b-e4a33b241809','http://function-hz.com:8080/upload/4f4fb1a5-a4e0-4475-8633-9e7e1b22baaa.jpeg','[{\"pic\":\"http:\\/\\/function-hz.com:8080\\/upload\\/b1cdad0d-ee72-4f00-b697-9a78abbaecaf.jpeg\"},{\"pic\":\"http:\\/\\/function-hz.com:8080\\/upload\\/89f867e4-ae59-4f6b-84b1-9b28156677c9.jpeg\"},{\"pic\":\"http:\\/\\/function-hz.com:8080\\/upload\\/a2241665-22b7-45b1-bbd0-5dbc34d29b44.jpeg\"},{\"pic\":\"http:\\/\\/function-hz.com:8080\\/upload\\/1a3836cc-608f-4773-9540-1bd0ee84b3fd.jpeg\"},{\"pic\":\"http:\\/\\/function-hz.com:8080\\/upload\\/d50071c7-7ad9-423c-842d-a49341047a13.jpeg\"},{\"pic\":\"http:\\/\\/function-hz.com:8080\\/upload\\/e644c307-61ef-4afd-92de-985c8b769139.jpeg\"},{\"pic\":\"http:\\/\\/function-hz.com:8080\\/upload\\/4725e7cd-27c6-40a2-9748-513db2035da8.jpeg\"},{\"pic\":\"http:\\/\\/function-hz.com:8080\\/upload\\/2a2b624d-8d46-4dc3-8e67-fdce8b5d7ffb.jpeg\"},{\"pic\":\"http:\\/\\/function-hz.com:8080\\/upload\\/4f4fb1a5-a4e0-4475-8633-9e7e1b22baaa.jpeg\"}]','浙江省杭州市西湖区嘉仁路靠近温州银行(同仁家园社区支行)','120.078368','30.327381','<p dir=\"ltr\">哈哈哈哈的精彩剧本dkcc<br>\njdjdbncbncx<br>\nvcmdjkkxzd<br>\njfgkfd<br><br></p>\n<p dir=\"ltr\">g<br>\nt<br>\ng<br>\nt</p>\n<p dir=\"ltr\">y</p>\n<p dir=\"ltr\">h<br>\nj<br>\nj<br>\nj<br>\nj</p>\n<p dir=\"ltr\">j<br>\ndkdiere<br><br><br></p>\n<p dir=\"ltr\">cfifififi<br><br></p>\n<p dir=\"ltr\">f<br>\nduidlkdfekldfxl</p>\n','0',0,''),('87c20af9-952a-4371-958e-99847087a33c',2,1476861334,1486185823,'27fd8f62-c19d-4a1f-9524-a5f9c38fae8c','http://function-hz.com:8080/upload/a389aeca-58a8-4d02-ab4a-4a628c65aeb1.jpeg','[{\"pic\":\"http:\\/\\/function-hz.com:8080\\/upload\\/e55f88de-990f-472b-b0a6-f5d59617d2bd.jpeg\"},{\"pic\":\"http:\\/\\/function-hz.com:8080\\/upload\\/a389aeca-58a8-4d02-ab4a-4a628c65aeb1.jpeg\"}]','浙江省杭州市西湖区嘉仁路靠近温州银行(同仁家园社区支行)','120.078251','30.327531','<p dir=\"ltr\">今天把手机端的都做好了,后面加上服务端同步的功能.</p>\n<p dir=\"ltr\">这样一期就彻底完成了.</p>\n<p dir=\"ltr\">对咯,差点忘记了,要加上语音输入</p>\n','0',0,''),('8c53bad4-9600-4ed0-9d53-973af419d470',8,1482857262,1482857262,'e873390d-4c81-4c6e-8408-e59440a4b3b6','http://function-hz.com:8080//upload/3e45a939-142f-480d-a787-e72aa090f1e0.jpeg','[{\"pic\":\"http:\\/\\/function-hz.com:8080\\/\\/upload\\/11a58376-d542-43ca-82f3-f3e854a63b80.jpeg\"},{\"pic\":\"http:\\/\\/function-hz.com:8080\\/\\/upload\\/819bf638-44ed-44de-9654-c93eb5004be2.jpeg\"},{\"pic\":\"http:\\/\\/function-hz.com:8080\\/\\/upload\\/7c0636d8-9be0-47c1-8dcb-e754d843652c.jpeg\"},{\"pic\":\"http:\\/\\/function-hz.com:8080\\/\\/upload\\/966a37bd-4308-4335-8a1c-9815b3dfbcb2.jpeg\"},{\"pic\":\"http:\\/\\/function-hz.com:8080\\/\\/upload\\/2f2c7884-2f5e-4e0e-a4f2-f34545c4e91b.jpeg\"},{\"pic\":\"http:\\/\\/function-hz.com:8080\\/\\/upload\\/93455576-427c-4771-bf30-83730e30fa2f.jpeg\"},{\"pic\":\"http:\\/\\/function-hz.com:8080\\/\\/upload\\/3e45a939-142f-480d-a787-e72aa090f1e0.jpeg\"}]','浙江省杭州市西湖区嘉仁路靠近温州银行(同仁家园社区支行)','120.078246','30.327792','<p dir=\"ltr\">这个比较有特色的是当我新建一条笔记之后，对方码是否能马上看到？</p>\n','0',0,''),('8c87c305-3b7f-4261-8349-7a97db8dca10',16,1486212794,1486212794,'e54c6d09-b48c-44dd-ab14-e42224b75a96','','','浙江省杭州市临安市赤里线靠近外伍村','119.407912','30.021937','安排脑卒中项目组跟进','7e98c876-75f8-479e-b598-e442809293f7',0,''),('8c9cbc7b-2231-433b-84a5-2678fd465b90',10,1473159552,1482858273,'029667a7-c592-46e8-ab10-b27e472741e3','http://function-hz.com:8080/upload/306b9146-a20b-4dd2-8257-6e0c9b67c1d1.png','','浙江省杭州市西湖区嘉仁路靠近温州银行(嘉仁路)','120.078256','30.327365','呵呵<br><br><img src=\"http://thinkman-wang.com:8080/upload/306b9146-a20b-4dd2-8257-6e0c9b67c1d1.png\" alt=\"pic\"><br><style>img{max-width: 90%; width:auto; height: auto;}</style>','0',0,''),('8dab7e85-8ba7-47b0-a7a0-64fb0299bc4b',2,1473159497,1486185823,'0c9bb8e1-3ba3-4767-816f-40af3aac81a9','http://function-hz.com:8080/upload/c2aef38b-d0ee-4644-b47b-5cbf5ccbd8a6.jpg','','浙江省杭州市西湖区嘉仁路靠近温州银行(嘉仁路)','120.078272','30.327377','呵呵<br><br><img src=\"http://thinkman-wang.com:8080/upload/c2aef38b-d0ee-4644-b47b-5cbf5ccbd8a6.jpg\" alt=\"pic\"><br><style>img{max-width: 90%; width:auto; height: auto;}</style>','0',0,''),('962bcac2-b542-486d-8e05-461cc594f546',8,1477031322,1485779924,'3bd665fc-f996-4be1-a466-3c21561fdca0','http://function-hz.com:8080/upload/f9fdadae-84e4-463e-9063-93d0c13e2143.jpeg','[{\"pic\":\"http:\\/\\/function-hz.com:8080\\/upload\\/f9fdadae-84e4-463e-9063-93d0c13e2143.jpeg\"}]','浙江省杭州市西湖区嘉仁路靠近温州银行(同仁家园社区支行)','120.078398','30.327355','abcdefghijklmn','0',0,''),('993aeec8-f2b0-451d-9369-118cf62e3b7c',2,1486194931,0,'4e04573c-9157-46c0-9505-8f1c320f8f8f','http://function-hz.com:8080//upload/5d63a20f-fc18-4e45-b903-d456b58aca7f.jpeg','[{\"pic\":\"http:\\/\\/function-hz.com:8080\\/\\/upload\\/65a945be-ba16-42a0-8896-4308c334dfa0.jpeg\"},{\"pic\":\"http:\\/\\/function-hz.com:8080\\/\\/upload\\/f1d13183-a88b-45f8-9a0e-602e18c1f012.jpeg\"},{\"pic\":\"http:\\/\\/function-hz.com:8080\\/\\/upload\\/0a2552f0-1621-4870-8623-79ada934ac27.jpeg\"},{\"pic\":\"http:\\/\\/function-hz.com:8080\\/\\/upload\\/7cf65a22-f95a-4a2f-80fe-3a3a7bfbb30d.jpeg\"},{\"pic\":\"http:\\/\\/function-hz.com:8080\\/\\/upload\\/c46eb9c1-e724-4202-98c8-c1e0463c7cc0.jpeg\"},{\"pic\":\"http:\\/\\/function-hz.com:8080\\/\\/upload\\/5d63a20f-fc18-4e45-b903-d456b58aca7f.jpeg\"}]','上海市浦东新区峨山路91弄靠近陆家嘴软件园9号楼','121.533788','31.215658','<p dir=\"ltr\">拉开差距据库</p>\n','0',0,''),('9a41f89d-d5fe-4020-a44e-de49231585a7',10,1478594089,1482858273,'bd4ed683-afce-4c37-9f9b-0e0f1c2d81f0','http://function-hz.com:8080//upload/31d7b1b8-f0da-4f90-b6d4-ee67664f6387.jpeg','[{\"pic\":\"http:\\/\\/function-hz.com:8080\\/\\/upload\\/31d7b1b8-f0da-4f90-b6d4-ee67664f6387.jpeg\"}]','浙江省杭州市西湖区嘉仁路靠近温州银行(同仁家园社区支行)','120.078381','30.327277','<p dir=\"ltr\">哈哈哈哈哈哈哈哈<br>\n修改点内容</p>\n<p dir=\"ltr\">不能修改笔记,只能在原有基础上新建</p>\n<p dir=\"ltr\">再加点聊</p>\n<p dir=\"ltr\">呵呵</p>\n','0',0,''),('9cac7782-f05e-40be-af70-5cc2b3784423',2,1486806791,0,'4e04573c-9157-46c0-9505-8f1c320f8f8f','','[]','浙江省杭州市余杭区文一西路靠近杭州萧山国际机场海创园航站楼','120.017876','30.280138','<p dir=\"ltr\">就大家点击点击</p>\n','0',0,''),('a0eb0fab-58f1-4c8f-b363-4f26d41b023d',8,1478594089,1482858273,'db31a0c6-e8c2-475f-9c5c-d055c1275755','http://function-hz.com:8080//upload/31d7b1b8-f0da-4f90-b6d4-ee67664f6387.jpeg','[{\"pic\":\"http:\\/\\/function-hz.com:8080\\/\\/upload\\/31d7b1b8-f0da-4f90-b6d4-ee67664f6387.jpeg\"}]','浙江省杭州市西湖区嘉仁路靠近温州银行(同仁家园社区支行)','120.078381','30.327277','<p dir=\"ltr\">哈哈哈哈哈哈哈哈<br>\n修改点内容</p>\n<p dir=\"ltr\">不能修改笔记,只能在原有基础上新建</p>\n<p dir=\"ltr\">再加点聊</p>\n<p dir=\"ltr\">呵呵</p>\n','0',0,''),('a17f8129-83d6-431a-9a50-272adbd0c9d6',2,1486787033,0,'4e04573c-9157-46c0-9505-8f1c320f8f8f','','[]','浙江省杭州市西湖区嘉仁路靠近布丁酒店(杭州三墩美食街同仁广场店)','120.078158','30.326948','<p dir=\"ltr\">测试</p>\n','0',0,''),('a1e3ffa9-2bb7-46d0-9e16-59252878fcf7',8,1473134378,1482858273,'3bd665fc-f996-4be1-a466-3c21561fdca0','http://function-hz.com:8080/upload/0873b353-6f18-4247-b92c-3ced2e544459.jpg','','浙江省杭州市西湖区嘉仁路靠近温州银行(嘉仁路)','120.078374','30.327379','hello world&nbsp;<br><br><img src=\"http://thinkman-wang.com:8080/upload/0873b353-6f18-4247-b92c-3ced2e544459.jpg\" alt=\"pic\"><br><style>img{max-width: 90%; width:auto; height: auto;}</style>','0',0,''),('a2a7f019-04ff-4625-8b16-e131e8b8caf6',5,1478011928,1478011928,'79234f94-4888-4125-b250-edc36fd8dd85','http://123.59.78.245:8080//upload/80874979-76de-419b-afd0-fd22845bbd19.jpeg','[{\"pic\":\"http:\\/\\/123.59.78.245:8080\\/\\/upload\\/80874979-76de-419b-afd0-fd22845bbd19.jpeg\"}]','浙江省杭州市西湖区嘉仁路靠近温州银行(同仁家园社区支行)','120.078406','30.327377','<p dir=\"ltr\">测试</p>\n','0',0,''),('a2f54488-a4c1-4a2e-b032-798007b0c670',16,1486974747,1486975125,'d13ce90d-2f45-4913-a357-97c6c3842542','http://function-hz.com:8080//upload/d418a135-f176-4e48-aecf-82727cde8e1c.jpeg','[{\"pic\":\"http:\\/\\/function-hz.com:8080\\/\\/upload\\/d418a135-f176-4e48-aecf-82727cde8e1c.jpeg\"}]','浙江省台州市天台县劳动路靠近浙江省天台人民医院','121.032319','29.142218','<p dir=\"ltr\">裘院长没在办公室，电话占线没回</p>\n','0',1,''),('a3302943-e9c4-4e13-9cf9-ca3dcbd280f1',10,1474613398,1482858273,'57c4ac09-a4b5-474d-a53e-f1a1deb873a6','http://function-hz.com:8080/upload/2d41540e-07ac-4925-bff7-da00f10284e1.jpeg','[{\"pic\":\"http:\\/\\/function-hz.com:8080\\/upload\\/95c43060-fb4f-42a8-b96b-7ef8a2fb77b2.jpeg\"},{\"pic\":\"http:\\/\\/function-hz.com:8080\\/upload\\/9529b9d4-198d-455a-84b8-f6db33b6e4b1.jpeg\"},{\"pic\":\"http:\\/\\/function-hz.com:8080\\/upload\\/2d41540e-07ac-4925-bff7-da00f10284e1.jpeg\"}]','浙江省杭州市西湖区嘉仁路靠近温州银行(嘉仁路)','120.078294','30.32736','<p dir=\"ltr\">呵呵呵呵</p>\n','0',0,''),('a72acbbb-c4aa-449e-aff3-e8cb27da38ea',10,1473159586,1478720671,'cae02a5e-81fd-4d6b-ac7e-941c60c3d0ef','','','浙江省杭州市西湖区嘉仁路靠近温州银行(嘉仁路)','120.078256','30.327365','呵呵呵呵呵呵呵<style>img{max-width: 90%; width:auto; height: auto;}</style>','0',0,''),('a76535ad-b884-47ab-b7ff-922a60894e78',9,1482935473,1482935474,'c5f7b26a-9fcd-49f7-9a28-5711bf1d9bf8','http://function-hz.com:8080//upload/3461b1d9-68f0-4f7a-81ab-2a67ab05b802.jpeg','[{\"pic\":\"http:\\/\\/function-hz.com:8080\\/\\/upload\\/4ecca310-7fb1-4c81-921b-d7f945b1ae10.jpeg\"},{\"pic\":\"http:\\/\\/function-hz.com:8080\\/\\/upload\\/1b8ed988-2257-47f5-82a4-70023e29ddca.jpeg\"},{\"pic\":\"http:\\/\\/function-hz.com:8080\\/\\/upload\\/815ebbfa-fc0d-42d0-85e5-7687b5e80628.jpeg\"},{\"pic\":\"http:\\/\\/function-hz.com:8080\\/\\/upload\\/cba42fc6-c647-440c-aa50-75fe633b6e87.jpeg\"},{\"pic\":\"http:\\/\\/function-hz.com:8080\\/\\/upload\\/9eaf1c0e-f419-4cb7-b272-d87f44fbb4b5.jpeg\"},{\"pic\":\"http:\\/\\/function-hz.com:8080\\/\\/upload\\/92f4fe86-ae93-46f1-9af4-b432dbd88ab0.jpeg\"},{\"pic\":\"http:\\/\\/function-hz.com:8080\\/\\/upload\\/3461b1d9-68f0-4f7a-81ab-2a67ab05b802.jpeg\"}]','浙江省杭州市西湖区嘉仁路靠近温州银行(同仁家园社区支行)','120.078277','30.327525','<p dir=\"ltr\">发挥三国哈哈哈更多信息网页</p>\n','0',0,''),('a8e70f04-cd8a-4339-8583-a6ba3e5a288a',8,1473159737,1478720671,'81e5508b-1c40-46b2-8707-f31c57388206','','','浙江省杭州市西湖区嘉仁路靠近温州银行(嘉仁路)','120.07829','30.327433','谈判破裂<style>img{max-width: 90%; width:auto; height: auto;}</style>','0',0,''),('a9c891f8-deec-43a9-a456-d0cf6939babf',16,1486212113,0,'391865b4-1886-4f6a-a29a-987b22bad7cc','','[]','浙江省杭州市临安市赤里线靠近外伍村','119.407909','30.02182','<p dir=\"ltr\">王娅尼来电话说有代理商周一要去医院找院长，老院长已换，目前是书记院长一个人，要周一前了解医院的需求。</p>\n','0',0,''),('a9fb16f8-18e4-4de0-9cb8-20d45707f8a9',16,1486885198,0,'c51acf4a-cab5-41ed-a9c6-5fb4d8692b54','http://function-hz.com:8080//upload/a396793d-8e39-4010-bce6-126642ab3831.jpeg','[{\"pic\":\"http:\\/\\/function-hz.com:8080\\/\\/upload\\/a396793d-8e39-4010-bce6-126642ab3831.jpeg\"}]','浙江省杭州市拱墅区莫干山路靠近杭州盛时大酒店','120.106582','30.327569','<p dir=\"ltr\">腾讯汽修保养110865</p>\n','0',0,''),('ad1bea11-59e1-4eae-8a79-0f9b297d619f',17,1486265248,1486265248,'96328d90-e52e-4ee9-9eeb-05aca22696b7','','','浙江省杭州市西湖区跑马场路靠近商船三井(中国)有限公司杭州办事处','120.139774','30.267866','乔老师//@马国华: 邵逸夫是大医院要维护好。','1ee57ec0-ac90-473f-b01d-23cd3a7dc531',0,''),('add55edb-e576-4bda-b849-a58bc191112c',16,1486265082,1486265082,'96328d90-e52e-4ee9-9eeb-05aca22696b7','','','浙江省杭州市西湖区跑马场路靠近商船三井(中国)有限公司杭州办事处','120.139774','30.267866','邵逸夫是大医院要维护好。','1ee57ec0-ac90-473f-b01d-23cd3a7dc531',0,''),('afe17fd7-2d94-4a37-9f21-39216ce55265',10,1475772645,1478720671,'57c4ac09-a4b5-474d-a53e-f1a1deb873a6','','[]','浙江省杭州市西湖区嘉仁路靠近温州银行(嘉仁路)','120.078343','30.327375','<p dir=\"ltr\">完成</p>\n','0',0,''),('afe1f0a7-a1f6-43b1-891e-4d0fe417dec7',2,1476870650,1486185823,'27fd8f62-c19d-4a1f-9524-a5f9c38fae8c','','[]','浙江省杭州市西湖区嘉仁路靠近温州银行(同仁家园社区支行)','120.078409','30.327361','<p dir=\"ltr\">我觉得该吃饭了吧，现在这个时间点又到了琢磨晚上吃什么的时候了。</p>\n','0',0,''),('b1e3532b-5de8-42d3-a615-d9c745163137',2,1473229158,1486185823,'0c9bb8e1-3ba3-4767-816f-40af3aac81a9','','','杭州市西湖区三墩镇同仁家园','120.077959','30.326324','测试<br><br>测试<style>img{max-width: 90%; width:auto; height: auto;}</style>','0',0,''),('b731f36f-4ce3-47d2-821b-d01669f01562',10,1476872307,1482858273,'41b3e1df-e241-443d-824b-e4a33b241809','http://function-hz.com:8080/upload/2c35e2b7-396e-47a4-9e0e-f31d0eb10f6b.jpeg','[{\"pic\":\"http:\\/\\/function-hz.com:8080\\/upload\\/5b3f44bf-c535-4588-a70b-6fb086fd6d7e.jpeg\"},{\"pic\":\"http:\\/\\/function-hz.com:8080\\/upload\\/e514b802-8aed-44c1-af34-dfa36c762191.jpeg\"},{\"pic\":\"http:\\/\\/function-hz.com:8080\\/upload\\/587eeb40-7cca-4bf2-9ee1-dc6489408b76.jpeg\"},{\"pic\":\"http:\\/\\/function-hz.com:8080\\/upload\\/3078ba19-6062-4d30-9679-072536d7e254.jpeg\"},{\"pic\":\"http:\\/\\/function-hz.com:8080\\/upload\\/2c35e2b7-396e-47a4-9e0e-f31d0eb10f6b.jpeg\"}]','浙江省杭州市西湖区嘉仁路靠近温州银行(同仁家园社区支行)','120.0784','30.327393','<p dir=\"ltr\">一个错字都没有。无论你使用什么手机。只要你下载语音输入法。99%的识别率。当你们看到这条视频的时候，代表新飞输入法的。彩排时发现现场回声太大，拍下这段以防万一，我是这次演示流程的负责人朱萧木，讯飞没有任何问题，问题都在于我，我们的演示环境没有处理好。那你说话时讯飞语音引擎的正确率达到97%以上，如果你不是发给老罗那样的强迫症，连改都不用改。语音识别基本解决了移动设备的语音输入，但他们不像我们要会忽悠，我们，很希望能够借助这次发布会向大家宣传一下，可惜玩儿砸了，非常抱歉。</p>\n','0',0,''),('ba302071-4e8b-45fa-8eaa-44bad1cad39a',2,1482597003,1486185823,'0c9bb8e1-3ba3-4767-816f-40af3aac81a9','http://function-hz.com:8080//upload/9a4ee028-40b9-4932-b23b-77d514721bbe.jpeg','[{\"pic\":\"http:\\/\\/function-hz.com:8080\\/\\/upload\\/31a70bb3-9c08-4feb-aa8c-db2d8af2c236.jpeg\"},{\"pic\":\"http:\\/\\/function-hz.com:8080\\/\\/upload\\/a40c35cc-5873-49aa-8f02-fdad11d674ec.jpeg\"},{\"pic\":\"http:\\/\\/function-hz.com:8080\\/\\/upload\\/a4609bad-92b2-4cf7-bf29-92976421f8c3.jpeg\"},{\"pic\":\"http:\\/\\/function-hz.com:8080\\/\\/upload\\/eedac79b-4621-44e6-bd12-4b87ed9d7998.jpeg\"},{\"pic\":\"http:\\/\\/function-hz.com:8080\\/\\/upload\\/34c380e1-7ecc-40e9-b98f-0eebed8dc61b.jpeg\"},{\"pic\":\"http:\\/\\/function-hz.com:8080\\/\\/upload\\/535df8f3-f58a-46d3-a4c5-640d3856d50a.jpeg\"},{\"pic\":\"http:\\/\\/function-hz.com:8080\\/\\/upload\\/0c5c6eaf-9cc8-43d9-99f7-92797e31f6cf.jpeg\"},{\"pic\":\"http:\\/\\/function-hz.com:8080\\/\\/upload\\/90b10aa6-f42c-400f-87c4-54a038aa02c9.jpeg\"},{\"pic\":\"http:\\/\\/function-hz.com:8080\\/\\/upload\\/9a4ee028-40b9-4932-b23b-77d514721bbe.jpeg\"}]','浙江省杭州市西湖区嘉仁路靠近温州银行(同仁家园社区支行)','120.0784','30.327361','<p dir=\"ltr\">今天我来测试，通过新的一米贵的，来添加图片。目前测试下来情况还有点不满意，比如说我希望把所有图片都截成那种正方形，然后，旁边的话他还有一些什么原型的一些东西，而他旁边还有些什么灰色的背景图我也想给它去掉。</p>\n','0',0,''),('bd1fccb7-4643-41fa-8e4b-84e476d577f5',2,1473159676,1486185823,'d7bb30cd-f9c0-4a23-942f-8d05be4d7de8','','','浙江省杭州市西湖区嘉仁路靠近温州银行(嘉仁路)','120.078291','30.327432','h哦呵呵呵呵呵<style>img{max-width: 90%; width:auto; height: auto;}</style>','0',0,''),('be1a9b97-c1b8-45df-9c5c-aecdade03004',8,1475512691,1482858273,'3bd665fc-f996-4be1-a466-3c21561fdca0','http://function-hz.com:8080/upload/f074ec57-f3ca-4c16-9836-665ff729adcf.jpeg','[{\"pic\":\"http:\\/\\/function-hz.com:8080\\/upload\\/15ac119d-31a8-4cce-82a2-c4d43b961d3f.jpeg\"},{\"pic\":\"http:\\/\\/function-hz.com:8080\\/upload\\/f074ec57-f3ca-4c16-9836-665ff729adcf.jpeg\"}]','浙江省杭州市西湖区嘉仁路靠近温州银行(嘉仁路)','120.078449','30.327388','<p dir=\"ltr\">今天完成1.3版本的更新</p>\n','0',0,''),('c1a6c5ec-7be5-449e-9d5a-81142f815fa3',9,1482856248,1482856248,'c5f7b26a-9fcd-49f7-9a28-5711bf1d9bf8','http://function-hz.com:8080//upload/6ae9becc-7a67-4b77-a753-0658b1576beb.jpeg','[{\"pic\":\"http:\\/\\/function-hz.com:8080\\/\\/upload\\/6ae9becc-7a67-4b77-a753-0658b1576beb.jpeg\"}]','浙江省杭州市西湖区嘉仁路靠近温州银行(同仁家园社区支行)','120.078318','30.327397','<p dir=\"ltr\">今天我换了一个账号来登录，我就是为了测试一下工作圈是否能正常运行，而且我是通过下属的一张一个账号来进行添加笔记的，木耳如果说测试通过的话，那么我在1860那个手机登录之后应该能看到这篇笔记。</p>\n','0',0,''),('c2d1a7b0-9265-49ad-8c47-bf84a258018b',10,1473229158,1478720671,'57c4ac09-a4b5-474d-a53e-f1a1deb873a6','','','杭州市西湖区三墩镇同仁家园','120.077959','30.326324','测试<br><br>测试<style>img{max-width: 90%; width:auto; height: auto;}</style>','0',0,''),('c35dd164-9ca9-46a6-97d4-6c5001942185',8,1475400304,1482858273,'628337fd-9725-4b77-bd95-48cd18d74376','http://function-hz.com:8080/upload/8f744917-0928-4a5a-83d3-88c1f7539d13.jpeg','[{\"pic\":\"http:\\/\\/function-hz.com:8080\\/upload\\/b65598cd-480d-4b66-9076-159d451ede9a.jpeg\"},{\"pic\":\"http:\\/\\/function-hz.com:8080\\/upload\\/8f744917-0928-4a5a-83d3-88c1f7539d13.jpeg\"}]','浙江省杭州市西湖区嘉仁路靠近温州银行(嘉仁路)','120.078293','30.327368','<p dir=\"ltr\">呵呵</p>\n','0',0,''),('c5742682-4654-43fb-b860-f202567c93ac',8,1475569872,1482858273,'3bd665fc-f996-4be1-a466-3c21561fdca0','http://function-hz.com:8080/upload/081c8171-b34f-4bf4-8229-1a4e0be81c0e.jpeg','[{\"pic\":\"http:\\/\\/function-hz.com:8080\\/upload\\/081c8171-b34f-4bf4-8229-1a4e0be81c0e.jpeg\"}]','浙江省杭州市西湖区嘉仁路靠近同仁家园金涛港','120.07827','30.327808','<p dir=\"ltr\">增加删除笔记的功能</p>\n','0',0,''),('c5e963c6-9c2c-49f5-90d7-d56c34d47afc',8,1482856248,1482856248,'e873390d-4c81-4c6e-8408-e59440a4b3b6','http://function-hz.com:8080//upload/6ae9becc-7a67-4b77-a753-0658b1576beb.jpeg','[{\"pic\":\"http:\\/\\/function-hz.com:8080\\/\\/upload\\/6ae9becc-7a67-4b77-a753-0658b1576beb.jpeg\"}]','浙江省杭州市西湖区嘉仁路靠近温州银行(同仁家园社区支行)','120.078318','30.327397','<p dir=\"ltr\">今天我换了一个账号来登录，我就是为了测试一下工作圈是否能正常运行，而且我是通过下属的一张一个账号来进行添加笔记的，木耳如果说测试通过的话，那么我在1860那个手机登录之后应该能看到这篇笔记。</p>\n','0',0,''),('ca98e147-38d6-4bb0-87b4-618230a3b2ee',10,1473134378,1482858273,'41b3e1df-e241-443d-824b-e4a33b241809','http://function-hz.com:8080/upload/0873b353-6f18-4247-b92c-3ced2e544459.jpg','','浙江省杭州市西湖区嘉仁路靠近温州银行(嘉仁路)','120.078374','30.327379','hello world&nbsp;<br><br><img src=\"http://thinkman-wang.com:8080/upload/0873b353-6f18-4247-b92c-3ced2e544459.jpg\" alt=\"pic\"><br><style>img{max-width: 90%; width:auto; height: auto;}</style>','0',0,''),('cb31c889-2598-40bc-b781-7364c3492418',9,1482857262,1482857262,'c5f7b26a-9fcd-49f7-9a28-5711bf1d9bf8','http://function-hz.com:8080//upload/3e45a939-142f-480d-a787-e72aa090f1e0.jpeg','[{\"pic\":\"http:\\/\\/function-hz.com:8080\\/\\/upload\\/11a58376-d542-43ca-82f3-f3e854a63b80.jpeg\"},{\"pic\":\"http:\\/\\/function-hz.com:8080\\/\\/upload\\/819bf638-44ed-44de-9654-c93eb5004be2.jpeg\"},{\"pic\":\"http:\\/\\/function-hz.com:8080\\/\\/upload\\/7c0636d8-9be0-47c1-8dcb-e754d843652c.jpeg\"},{\"pic\":\"http:\\/\\/function-hz.com:8080\\/\\/upload\\/966a37bd-4308-4335-8a1c-9815b3dfbcb2.jpeg\"},{\"pic\":\"http:\\/\\/function-hz.com:8080\\/\\/upload\\/2f2c7884-2f5e-4e0e-a4f2-f34545c4e91b.jpeg\"},{\"pic\":\"http:\\/\\/function-hz.com:8080\\/\\/upload\\/93455576-427c-4771-bf30-83730e30fa2f.jpeg\"},{\"pic\":\"http:\\/\\/function-hz.com:8080\\/\\/upload\\/3e45a939-142f-480d-a787-e72aa090f1e0.jpeg\"}]','浙江省杭州市西湖区嘉仁路靠近温州银行(同仁家园社区支行)','120.078246','30.327792','<p dir=\"ltr\">这个比较有特色的是当我新建一条笔记之后，对方码是否能马上看到？</p>\n','0',0,''),('cc73572f-762f-4ee0-8acc-5e2bd89a2b3f',10,1473159497,1482858273,'57c4ac09-a4b5-474d-a53e-f1a1deb873a6','http://function-hz.com:8080/upload/c2aef38b-d0ee-4644-b47b-5cbf5ccbd8a6.jpg','','浙江省杭州市西湖区嘉仁路靠近温州银行(嘉仁路)','120.078272','30.327377','呵呵<br><br><img src=\"http://thinkman-wang.com:8080/upload/c2aef38b-d0ee-4644-b47b-5cbf5ccbd8a6.jpg\" alt=\"pic\"><br><style>img{max-width: 90%; width:auto; height: auto;}</style>','0',0,''),('d6615847-1e14-4899-ae93-4ce144dac745',8,1476812072,1482858273,'3bd665fc-f996-4be1-a466-3c21561fdca0','http://function-hz.com:8080/upload/4f4fb1a5-a4e0-4475-8633-9e7e1b22baaa.jpeg','[{\"pic\":\"http:\\/\\/function-hz.com:8080\\/upload\\/b1cdad0d-ee72-4f00-b697-9a78abbaecaf.jpeg\"},{\"pic\":\"http:\\/\\/function-hz.com:8080\\/upload\\/89f867e4-ae59-4f6b-84b1-9b28156677c9.jpeg\"},{\"pic\":\"http:\\/\\/function-hz.com:8080\\/upload\\/a2241665-22b7-45b1-bbd0-5dbc34d29b44.jpeg\"},{\"pic\":\"http:\\/\\/function-hz.com:8080\\/upload\\/1a3836cc-608f-4773-9540-1bd0ee84b3fd.jpeg\"},{\"pic\":\"http:\\/\\/function-hz.com:8080\\/upload\\/d50071c7-7ad9-423c-842d-a49341047a13.jpeg\"},{\"pic\":\"http:\\/\\/function-hz.com:8080\\/upload\\/e644c307-61ef-4afd-92de-985c8b769139.jpeg\"},{\"pic\":\"http:\\/\\/function-hz.com:8080\\/upload\\/4725e7cd-27c6-40a2-9748-513db2035da8.jpeg\"},{\"pic\":\"http:\\/\\/function-hz.com:8080\\/upload\\/2a2b624d-8d46-4dc3-8e67-fdce8b5d7ffb.jpeg\"},{\"pic\":\"http:\\/\\/function-hz.com:8080\\/upload\\/4f4fb1a5-a4e0-4475-8633-9e7e1b22baaa.jpeg\"}]','浙江省杭州市西湖区嘉仁路靠近温州银行(同仁家园社区支行)','120.078368','30.327381','<p dir=\"ltr\">哈哈哈哈的精彩剧本dkcc<br>\njdjdbncbncx<br>\nvcmdjkkxzd<br>\njfgkfd<br><br></p>\n<p dir=\"ltr\">g<br>\nt<br>\ng<br>\nt</p>\n<p dir=\"ltr\">y</p>\n<p dir=\"ltr\">h<br>\nj<br>\nj<br>\nj<br>\nj</p>\n<p dir=\"ltr\">j<br>\ndkdiere<br><br><br></p>\n<p dir=\"ltr\">cfifififi<br><br></p>\n<p dir=\"ltr\">f<br>\nduidlkdfekldfxl</p>\n','0',0,''),('d98a97c7-5e49-48bc-a4bf-0a86eac0cd8f',8,1475402432,1482858273,'628337fd-9725-4b77-bd95-48cd18d74376','http://function-hz.com:8080/upload/bd98c836-1db0-4113-97fb-bd71f102bfe4.jpeg','[{\"pic\":\"http:\\/\\/function-hz.com:8080\\/upload\\/dc6d3a44-a1e0-455e-ac35-80831510327b.jpeg\"},{\"pic\":\"http:\\/\\/function-hz.com:8080\\/upload\\/576ab242-2b8b-4a05-a649-fe6155c0758a.jpeg\"},{\"pic\":\"http:\\/\\/function-hz.com:8080\\/upload\\/b033ad24-d022-4c46-afac-ab961e3d6e59.jpeg\"},{\"pic\":\"http:\\/\\/function-hz.com:8080\\/upload\\/f05d76c9-3b1f-4058-bfae-3b247ac6e020.jpeg\"},{\"pic\":\"http:\\/\\/function-hz.com:8080\\/upload\\/42938357-787f-40ae-8c2e-e09ab68d68d0.jpeg\"},{\"pic\":\"http:\\/\\/function-hz.com:8080\\/upload\\/f842d661-11c0-4b34-bfd8-0d6c53f31aa4.jpeg\"},{\"pic\":\"http:\\/\\/function-hz.com:8080\\/upload\\/1dd96497-3ecf-4c77-9f16-0c006ed69f32.jpeg\"},{\"pic\":\"http:\\/\\/function-hz.com:8080\\/upload\\/de648a4a-b86f-4e34-a05d-4b3703e32add.jpeg\"},{\"pic\":\"http:\\/\\/function-hz.com:8080\\/upload\\/083066ab-5572-4257-be83-8b4493fc5176.jpeg\"},{\"pic\":\"http:\\/\\/function-hz.com:8080\\/upload\\/de4ef6d9-e0ca-486c-a665-cfda3b5e1196.jpeg\"},{\"pic\":\"http:\\/\\/function-hz.com:8080\\/upload\\/bd98c836-1db0-4113-97fb-bd71f102bfe4.jpeg\"}]','浙江省杭州市西湖区嘉仁路靠近温州银行(嘉仁路)','120.078406','30.327371','<p dir=\"ltr\">呵呵<br>\n哈哈哈哈</p>\n','0',0,''),('dbf6446a-704d-405b-97bc-ac49d5dbf942',10,1478594123,1482858273,'bd4ed683-afce-4c37-9f9b-0e0f1c2d81f0','http://function-hz.com:8080//upload/e329dd80-3485-4154-b8a7-86a7028e7122.jpeg','[{\"pic\":\"http:\\/\\/function-hz.com:8080\\/\\/upload\\/31d7b1b8-f0da-4f90-b6d4-ee67664f6387.jpeg\"},{\"pic\":\"http:\\/\\/function-hz.com:8080\\/\\/upload\\/e329dd80-3485-4154-b8a7-86a7028e7122.jpeg\"}]','浙江省杭州市西湖区嘉仁路靠近温州银行(同仁家园社区支行)','120.078381','30.327277','<p dir=\"ltr\">哈哈哈哈哈哈哈哈<br>\n修改点内容</p>\n<p dir=\"ltr\">不能修改笔记,只能在原有基础上新建</p>\n<p dir=\"ltr\">再加点聊</p>\n<p dir=\"ltr\">呵呵</p>\n','0',0,''),('deda8888-6caf-4f2a-935e-012a92c50a1b',8,1474613398,1482858273,'628337fd-9725-4b77-bd95-48cd18d74376','http://function-hz.com:8080/upload/2d41540e-07ac-4925-bff7-da00f10284e1.jpeg','[{\"pic\":\"http:\\/\\/function-hz.com:8080\\/upload\\/95c43060-fb4f-42a8-b96b-7ef8a2fb77b2.jpeg\"},{\"pic\":\"http:\\/\\/function-hz.com:8080\\/upload\\/9529b9d4-198d-455a-84b8-f6db33b6e4b1.jpeg\"},{\"pic\":\"http:\\/\\/function-hz.com:8080\\/upload\\/2d41540e-07ac-4925-bff7-da00f10284e1.jpeg\"}]','浙江省杭州市西湖区嘉仁路靠近温州银行(嘉仁路)','120.078294','30.32736','<p dir=\"ltr\">呵呵呵呵</p>\n','0',0,''),('e1327b5a-a789-45d9-b1ea-cda3a154f8a5',16,1486804642,0,'c51acf4a-cab5-41ed-a9c6-5fb4d8692b54','','[]','浙江省杭州市余杭区文一西路靠近杭州萧山国际机场海创园航站楼','120.017944','30.280149','<p dir=\"ltr\">保养110000公里</p>\n','0',0,''),('e9afefd3-5aa0-4f40-8059-64e4db694fb5',2,1476872307,1486185823,'27fd8f62-c19d-4a1f-9524-a5f9c38fae8c','http://function-hz.com:8080/upload/2c35e2b7-396e-47a4-9e0e-f31d0eb10f6b.jpeg','[{\"pic\":\"http:\\/\\/function-hz.com:8080\\/upload\\/5b3f44bf-c535-4588-a70b-6fb086fd6d7e.jpeg\"},{\"pic\":\"http:\\/\\/function-hz.com:8080\\/upload\\/e514b802-8aed-44c1-af34-dfa36c762191.jpeg\"},{\"pic\":\"http:\\/\\/function-hz.com:8080\\/upload\\/587eeb40-7cca-4bf2-9ee1-dc6489408b76.jpeg\"},{\"pic\":\"http:\\/\\/function-hz.com:8080\\/upload\\/3078ba19-6062-4d30-9679-072536d7e254.jpeg\"},{\"pic\":\"http:\\/\\/function-hz.com:8080\\/upload\\/2c35e2b7-396e-47a4-9e0e-f31d0eb10f6b.jpeg\"}]','浙江省杭州市西湖区嘉仁路靠近温州银行(同仁家园社区支行)','120.0784','30.327393','<p dir=\"ltr\">一个错字都没有。无论你使用什么手机。只要你下载语音输入法。99%的识别率。当你们看到这条视频的时候，代表新飞输入法的。彩排时发现现场回声太大，拍下这段以防万一，我是这次演示流程的负责人朱萧木，讯飞没有任何问题，问题都在于我，我们的演示环境没有处理好。那你说话时讯飞语音引擎的正确率达到97%以上，如果你不是发给老罗那样的强迫症，连改都不用改。语音识别基本解决了移动设备的语音输入，但他们不像我们要会忽悠，我们，很希望能够借助这次发布会向大家宣传一下，可惜玩儿砸了，非常抱歉。</p>\n','0',0,''),('ec60009e-4b3c-4fd7-b53b-1fb839917c8c',8,1477630011,1482858273,'db31a0c6-e8c2-475f-9c5c-d055c1275755','http://function-hz.com:8080//upload/31d7b1b8-f0da-4f90-b6d4-ee67664f6387.jpeg','[{\"pic\":\"http:\\/\\/function-hz.com:8080\\/\\/upload\\/31d7b1b8-f0da-4f90-b6d4-ee67664f6387.jpeg\"}]','浙江省杭州市西湖区嘉仁路靠近温州银行(同仁家园社区支行)','120.078381','30.327277','<p dir=\"ltr\">哈哈哈哈哈哈哈哈<br>\n修改点内容<br></p>\n<p dir=\"ltr\">不能修改笔记,只能在原有基础上新建</p>\n','0',0,''),('ed5739f0-35fc-426c-a45a-12e62471e8ad',2,1477630011,1486185823,'e2bea726-5b39-4f11-ac7a-ce4955949591','http://function-hz.com:8080//upload/31d7b1b8-f0da-4f90-b6d4-ee67664f6387.jpeg','[{\"pic\":\"http:\\/\\/function-hz.com:8080\\/\\/upload\\/31d7b1b8-f0da-4f90-b6d4-ee67664f6387.jpeg\"}]','浙江省杭州市西湖区嘉仁路靠近温州银行(同仁家园社区支行)','120.078381','30.327277','<p dir=\"ltr\">哈哈哈哈哈哈哈哈<br>\n修改点内容<br></p>\n<p dir=\"ltr\">不能修改笔记,只能在原有基础上新建</p>\n','0',0,''),('eef840d1-5a35-41c0-98c7-3d476bee169c',2,1478594089,1486185823,'e2bea726-5b39-4f11-ac7a-ce4955949591','http://function-hz.com:8080//upload/31d7b1b8-f0da-4f90-b6d4-ee67664f6387.jpeg','[{\"pic\":\"http:\\/\\/function-hz.com:8080\\/\\/upload\\/31d7b1b8-f0da-4f90-b6d4-ee67664f6387.jpeg\"}]','浙江省杭州市西湖区嘉仁路靠近温州银行(同仁家园社区支行)','120.078381','30.327277','<p dir=\"ltr\">哈哈哈哈哈哈哈哈<br>\n修改点内容</p>\n<p dir=\"ltr\">不能修改笔记,只能在原有基础上新建</p>\n<p dir=\"ltr\">再加点聊</p>\n<p dir=\"ltr\">呵呵</p>\n','0',0,''),('f0423c48-7e96-4808-a790-e80185636318',10,1476870650,1478720671,'41b3e1df-e241-443d-824b-e4a33b241809','','[]','浙江省杭州市西湖区嘉仁路靠近温州银行(同仁家园社区支行)','120.078409','30.327361','<p dir=\"ltr\">我觉得该吃饭了吧，现在这个时间点又到了琢磨晚上吃什么的时候了。</p>\n','0',0,''),('f0c6d24f-f203-4a9a-b149-7b8b98682d29',10,1482597003,1482597003,'57c4ac09-a4b5-474d-a53e-f1a1deb873a6','http://function-hz.com:8080//upload/9a4ee028-40b9-4932-b23b-77d514721bbe.jpeg','[{\"pic\":\"http:\\/\\/function-hz.com:8080\\/\\/upload\\/31a70bb3-9c08-4feb-aa8c-db2d8af2c236.jpeg\"},{\"pic\":\"http:\\/\\/function-hz.com:8080\\/\\/upload\\/a40c35cc-5873-49aa-8f02-fdad11d674ec.jpeg\"},{\"pic\":\"http:\\/\\/function-hz.com:8080\\/\\/upload\\/a4609bad-92b2-4cf7-bf29-92976421f8c3.jpeg\"},{\"pic\":\"http:\\/\\/function-hz.com:8080\\/\\/upload\\/eedac79b-4621-44e6-bd12-4b87ed9d7998.jpeg\"},{\"pic\":\"http:\\/\\/function-hz.com:8080\\/\\/upload\\/34c380e1-7ecc-40e9-b98f-0eebed8dc61b.jpeg\"},{\"pic\":\"http:\\/\\/function-hz.com:8080\\/\\/upload\\/535df8f3-f58a-46d3-a4c5-640d3856d50a.jpeg\"},{\"pic\":\"http:\\/\\/function-hz.com:8080\\/\\/upload\\/0c5c6eaf-9cc8-43d9-99f7-92797e31f6cf.jpeg\"},{\"pic\":\"http:\\/\\/function-hz.com:8080\\/\\/upload\\/90b10aa6-f42c-400f-87c4-54a038aa02c9.jpeg\"},{\"pic\":\"http:\\/\\/function-hz.com:8080\\/\\/upload\\/9a4ee028-40b9-4932-b23b-77d514721bbe.jpeg\"}]','浙江省杭州市西湖区嘉仁路靠近温州银行(同仁家园社区支行)','120.0784','30.327361','<p dir=\"ltr\">今天我来测试，通过新的一米贵的，来添加图片。目前测试下来情况还有点不满意，比如说我希望把所有图片都截成那种正方形，然后，旁边的话他还有一些什么原型的一些东西，而他旁边还有些什么灰色的背景图我也想给它去掉。</p>\n','0',0,''),('f1b03de9-1b63-4abb-bfb2-8b3d274c581b',15,1486202455,0,'0211e2de-8883-42c4-97c3-b07ee85286e1','http://function-hz.com:8080//upload/e958d6c0-388a-4216-ab04-ef8d0873d4bf.jpeg','[{\"pic\":\"http:\\/\\/function-hz.com:8080\\/\\/upload\\/e958d6c0-388a-4216-ab04-ef8d0873d4bf.jpeg\"}]','浙江省杭州市临安市赤里线靠近外伍村','119.407836','30.021676','<p dir=\"ltr\">1.下面页面上半部分没有内容的不显示，有内容不分行；<br>\n2.中间的搜索框可以不要活留着也行，如果其它还有功能预留；<br>\n3.重复的客户名称不显示；<br>\n4.语音输入去掉吧，有点鸡肋。</p>\n','0',0,''),('f1b48623-4d46-41e9-8a60-b2b527b0d3fd',2,1486193181,0,'27fd8f62-c19d-4a1f-9524-a5f9c38fae8c','http://function-hz.com:8080//upload/f0e5b590-6fbe-472a-80f7-55d89d3b1af8.jpeg','[{\"pic\":\"http:\\/\\/function-hz.com:8080\\/\\/upload\\/f0e5b590-6fbe-472a-80f7-55d89d3b1af8.jpeg\"}]','上海市浦东新区峨山路91弄靠近汉庭酒店(上海陆家嘴软件园店)','121.533444','31.215649','<p dir=\"ltr\">JDK CK cmd K SOS KDJ烤瓷刺b</p>\n','0',0,''),('f5545ac9-0b3e-4b21-9a7a-c6df7475cab2',2,1476812072,1486185823,'27fd8f62-c19d-4a1f-9524-a5f9c38fae8c','http://function-hz.com:8080/upload/4f4fb1a5-a4e0-4475-8633-9e7e1b22baaa.jpeg','[{\"pic\":\"http:\\/\\/function-hz.com:8080\\/upload\\/b1cdad0d-ee72-4f00-b697-9a78abbaecaf.jpeg\"},{\"pic\":\"http:\\/\\/function-hz.com:8080\\/upload\\/89f867e4-ae59-4f6b-84b1-9b28156677c9.jpeg\"},{\"pic\":\"http:\\/\\/function-hz.com:8080\\/upload\\/a2241665-22b7-45b1-bbd0-5dbc34d29b44.jpeg\"},{\"pic\":\"http:\\/\\/function-hz.com:8080\\/upload\\/1a3836cc-608f-4773-9540-1bd0ee84b3fd.jpeg\"},{\"pic\":\"http:\\/\\/function-hz.com:8080\\/upload\\/d50071c7-7ad9-423c-842d-a49341047a13.jpeg\"},{\"pic\":\"http:\\/\\/function-hz.com:8080\\/upload\\/e644c307-61ef-4afd-92de-985c8b769139.jpeg\"},{\"pic\":\"http:\\/\\/function-hz.com:8080\\/upload\\/4725e7cd-27c6-40a2-9748-513db2035da8.jpeg\"},{\"pic\":\"http:\\/\\/function-hz.com:8080\\/upload\\/2a2b624d-8d46-4dc3-8e67-fdce8b5d7ffb.jpeg\"},{\"pic\":\"http:\\/\\/function-hz.com:8080\\/upload\\/4f4fb1a5-a4e0-4475-8633-9e7e1b22baaa.jpeg\"}]','浙江省杭州市西湖区嘉仁路靠近温州银行(同仁家园社区支行)','120.078368','30.327381','<p dir=\"ltr\">哈哈哈哈的精彩剧本dkcc<br>\njdjdbncbncx<br>\nvcmdjkkxzd<br>\njfgkfd<br><br></p>\n<p dir=\"ltr\">g<br>\nt<br>\ng<br>\nt</p>\n<p dir=\"ltr\">y</p>\n<p dir=\"ltr\">h<br>\nj<br>\nj<br>\nj<br>\nj</p>\n<p dir=\"ltr\">j<br>\ndkdiere<br><br><br></p>\n<p dir=\"ltr\">cfifififi<br><br></p>\n<p dir=\"ltr\">f<br>\nduidlkdfekldfxl</p>\n','0',0,''),('f831df56-022d-4cac-9d87-1f80e0d167a8',2,1475773710,1486185823,'0c9bb8e1-3ba3-4767-816f-40af3aac81a9','','[]','浙江省杭州市西湖区嘉仁路靠近温州银行(嘉仁路)','120.078396','30.327376','<p dir=\"ltr\">完成</p>\n','0',0,''),('f843f73d-32ee-4e3b-9aaf-211e3b4c0d03',8,1482935473,1482935474,'e873390d-4c81-4c6e-8408-e59440a4b3b6','http://function-hz.com:8080//upload/3461b1d9-68f0-4f7a-81ab-2a67ab05b802.jpeg','[{\"pic\":\"http:\\/\\/function-hz.com:8080\\/\\/upload\\/4ecca310-7fb1-4c81-921b-d7f945b1ae10.jpeg\"},{\"pic\":\"http:\\/\\/function-hz.com:8080\\/\\/upload\\/1b8ed988-2257-47f5-82a4-70023e29ddca.jpeg\"},{\"pic\":\"http:\\/\\/function-hz.com:8080\\/\\/upload\\/815ebbfa-fc0d-42d0-85e5-7687b5e80628.jpeg\"},{\"pic\":\"http:\\/\\/function-hz.com:8080\\/\\/upload\\/cba42fc6-c647-440c-aa50-75fe633b6e87.jpeg\"},{\"pic\":\"http:\\/\\/function-hz.com:8080\\/\\/upload\\/9eaf1c0e-f419-4cb7-b272-d87f44fbb4b5.jpeg\"},{\"pic\":\"http:\\/\\/function-hz.com:8080\\/\\/upload\\/92f4fe86-ae93-46f1-9af4-b432dbd88ab0.jpeg\"},{\"pic\":\"http:\\/\\/function-hz.com:8080\\/\\/upload\\/3461b1d9-68f0-4f7a-81ab-2a67ab05b802.jpeg\"}]','浙江省杭州市西湖区嘉仁路靠近温州银行(同仁家园社区支行)','120.078277','30.327525','<p dir=\"ltr\">发挥三国哈哈哈更多信息网页</p>\n','0',0,''),('fa1aca81-13a8-4c04-b1fa-bc7b236d5366',2,1473159552,1486185823,'2218fe34-9952-47f6-b01c-7ca7d5d663c0','http://function-hz.com:8080/upload/306b9146-a20b-4dd2-8257-6e0c9b67c1d1.png','','浙江省杭州市西湖区嘉仁路靠近温州银行(嘉仁路)','120.078256','30.327365','呵呵<br><br><img src=\"http://thinkman-wang.com:8080/upload/306b9146-a20b-4dd2-8257-6e0c9b67c1d1.png\" alt=\"pic\"><br><style>img{max-width: 90%; width:auto; height: auto;}</style>','0',0,''),('fed13d6d-df0c-494f-9e4e-e69435a8b1c3',2,1483047733,1485427853,'c5f7b26a-9fcd-49f7-9a28-5711bf1d9bf8','','','浙江省杭州市西湖区嘉仁路靠近温州银行(同仁家园社区支行)','120.078277','30.327525','跟进你妈了个b//@王晓峰: TMD //@王晓峰: 不错, 继续跟进','a76535ad-b884-47ab-b7ff-922a60894e78',1,'');
/*!40000 ALTER TABLE `notes` ENABLE KEYS */;
UNLOCK TABLES;


LOCK TABLES `alarm` WRITE;
/*!40000 ALTER TABLE `alarm` DISABLE KEYS */;
INSERT INTO `alarm` VALUES ('0ca3d779-e3d5-4b1c-93d5-776fa5e270cd',2,'0529f36a-6f58-44ad-b0c8-7f56ba0864b7',1540874760,0,0),('17fd8f62-c19d-4a1f-9524-a5f9c38fae8d',2,'800f684c-c910-4dfe-89ab-dbccd7699cbe',1477220400,1477416660,0),('196ac647-df96-4804-9b74-51f14faa1a72',2,'0529f36a-6f58-44ad-b0c8-7f56ba0864b7',1490960460,0,0),('1caafb87-f160-4cb6-99c8-f38d549428ac',2,'ba302071-4e8b-45fa-8eaa-44bad1cad39a',1485775440,1485531615,1),('3ef1a97d-4664-4d77-afe5-cdfa7e968165',2,'6a3c2acf-3091-4d6c-abfc-e7b777030d10',1485424140,0,0),('426acb74-b4c0-4c08-92e4-f8c1a719aad9',2,'eef840d1-5a35-41c0-98c7-3d476bee169c',1477802760,0,0),('4d91a1b5-4603-42ad-b6fb-2e902a2bf117',2,'36f8d354-3c44-41a2-8511-a6e929df2e40',1477802760,0,0),('50ed8448-9b7f-496a-9914-901f3d3415c1',2,'0529f36a-6f58-44ad-b0c8-7f56ba0864b7',1488282000,0,0),('51211ad4-8ca4-42dc-ae39-a42d4116fb04',2,'ba302071-4e8b-45fa-8eaa-44bad1cad39a',1485689040,0,0),('56b946b6-dd20-4948-b15f-227a94cc7f76',2,'ba302071-4e8b-45fa-8eaa-44bad1cad39a',1485688980,0,0),('6cc53aae-ee21-481e-8fe7-d2323b1de978',2,'ba302071-4e8b-45fa-8eaa-44bad1cad39a',1485861840,0,0),('763a01a8-c9eb-4c0a-9d43-de1cb1962830',2,'ba302071-4e8b-45fa-8eaa-44bad1cad39a',1485516180,1485531520,1),('7f315c68-a406-4a6e-bcc9-a0f06e989092',2,'0529f36a-6f58-44ad-b0c8-7f56ba0864b7',1509338760,0,0),('ba6e331f-78b0-48ae-ab09-84b8b5fc90f4',2,'ed5739f0-35fc-426c-a45a-12e62471e8ad',1477802760,0,0),('d6da4dcf-695f-4dc4-8e71-908236dcda48',2,'afe1f0a7-a1f6-43b1-891e-4d0fe417dec7',1476871320,0,0),('d8466e12-5280-48f4-88ce-4f805a95916e',2,'7ce32c51-a5e5-4048-8b62-0f46c1bfee04',1477709280,0,0),('ee0b4ec8-39ca-4d1a-95f7-ebe83e613f58',2,'011a05aa-a20c-4229-8941-1bd8d79dce60',1477802760,0,0),('efae0440-8b84-45a0-98f8-e9462624e954',2,'80299df2-f738-4b55-b3f4-3e46416fa1fd',1477802760,0,0);
/*!40000 ALTER TABLE `alarm` ENABLE KEYS */;
UNLOCK TABLES;

